9.492414375000002291e-02, 2.789136041666666344e-02
9.079541458333334480e-02, 5.649710624999998432e-02
1.286627250000000056e-01, 6.312214583333326107e-03
1.092954583333333313e-01, 3.951452083333333726e-02
8.537660000000001081e-02, 3.461652708333329276e-02
2.952875895833333500e-02, 9.964380895833328811e-02
2.286217545833333364e-01, -1.371209249999999769e-01
1.391242625000000122e-01, -4.541545416666670221e-02
2.864975624999999484e-02, 6.117066875000001097e-02
1.531357952083333418e-01, -4.993914937500001927e-02
1.277139770833333465e-01, 1.146221937499999899e-02
7.578595000000000470e-02, 5.475981750000000897e-02
5.783336718749998440e-02, 1.283523229166667057e-01
1.265575937500000060e-02, 1.177780854166666641e-01
7.576279520833334447e-02, 9.238938604166664625e-02
9.049041562500004243e-02, 1.039412616666666872e-01
1.687453506249999846e-01, 6.941822291666664702e-02
1.606050285416666945e-01, 6.367986875000000713e-02
1.060481656250000099e-01, 1.129984250000000690e-01
1.025914375000000073e-01, 1.474023714583333478e-01
1.079521052083333155e-01, 1.292648033333333446e-01
1.787562312500000361e-01, 8.881647291666666666e-02
1.584654035416666884e-01, 8.611616520833333122e-02
1.107752874999999998e-01, 1.297005783333333440e-01
1.122973397916666727e-01, 1.028515354166666812e-01
1.139569375000000079e-01, 1.114775062500000108e-01
9.862662333333332976e-02, 1.396318729166666495e-01
1.164027837499999746e-01, 1.357760937500000209e-01
1.383445812500000149e-01, 1.164655500000000149e-01
2.857348874999999788e-01, 3.171331041666665407e-02
2.016807958333333151e-01, 1.032025416666666057e-01
3.499503078125000832e-01, 2.300704375000000093e-02
2.986513879166666774e-01, 8.812305208333336137e-02
2.785517839583333544e-01, 1.207857070833333046e-01
1.359515979166666388e-01, 1.940780333333333163e-01
1.964441104166666785e-01, 1.075243541666666552e-01
1.735016193749999991e-01, 1.008744687499999598e-01
1.690503277083333644e-01, 7.141095000000001469e-02
1.838123208333333203e-01, 6.529021666666666446e-02
1.535528729166666662e-01, 1.377115208333333507e-01
2.125445145833332605e-01, 4.588583687500000230e-02
2.246198000000000361e-01, 1.489106666666667987e-02
1.972013016666666063e-01, -8.003605208333342338e-03
1.713012187499999561e-01, 1.644008749999997798e-02
1.497606418749999890e-01, 5.175203333333331518e-02
8.701142239583335714e-02, 7.283743999999998942e-02
1.899145958333333384e-01, -5.935006250000000178e-02
2.289839604166666875e-01, -8.038396666666666746e-02
1.636422166666667011e-01, 1.257852291666666789e-02
1.763286272916666786e-01, -2.382975645833335099e-02
1.572159698958333074e-01, -1.155386666666667617e-02
3.128248933333333537e-01, -1.359345458333333367e-01
4.278819458333333325e-01, -1.819499249999999291e-01
3.924888520833331729e-01, -1.411788791666666876e-01
3.347596229166666659e-01, -6.428512708333333769e-02
4.779976402083332410e-01, -1.322759458333333249e-01
5.073755083333334470e-01, -1.213607041666667635e-01
5.531943019791666361e-01, -8.210989937500005886e-02
5.073751583333333537e-01, 8.641041666666687479e-03
5.799543583333333086e-01, -1.740616583333333134e-01
6.440182222916667198e-01, -1.262951479166666557e-01
6.619384422916666511e-01, -2.295166375000000369e-01
6.213283687500000818e-01, -2.263232499999999758e-01
5.824808708333332197e-01, -1.422903666666666955e-01
6.020288733333333253e-01, -1.739306708333332729e-01
4.762529458333333299e-01, -1.350374291666666948e-01
5.190484895833332724e-01, -1.907927604166666236e-01
3.830618166666667768e-01, -9.003600208333338573e-02
4.796871292708331791e-01, -1.722725291666666603e-01
3.171522604166667203e-01, 9.763308333333341887e-03
2.587318666666666434e-01, 3.070785416666692389e-03
4.171290975000001011e-01, -1.271008687500000123e-01
3.379731750000000701e-01, -5.032736499999998503e-02
3.259500974999999801e-01, -2.953260416666670177e-02
3.702819708333333626e-01, -8.460845208333334089e-02
3.819037416666667961e-01, -8.247984729166665807e-02
4.299035916666667512e-01, -1.065250708333333463e-01
6.045855452083334081e-01, -1.854212041666665201e-01
5.899790895833333382e-01, -1.371465327083332963e-01
5.737363104166666172e-01, -1.411504208333333732e-01
6.535238833333333330e-01, -1.604821749999999214e-01
7.926194125000000090e-01, -9.933666666666658707e-02
7.666886489583332187e-01, -1.907908604166667077e-01
6.923161265625000782e-01, 3.307083333333338260e-02
7.376439895833332150e-01, 4.728389583333338780e-02
6.421030812499999296e-01, 5.336127083333343929e-02
7.085205177083331307e-01, -1.827301666666666380e-01
7.848458958333336399e-01, -2.872463062499999720e-01
4.067966500000000374e-01, -1.210911874999999992e-02
5.457590520833333070e-01, -2.236220208333333792e-01
6.476944166666666058e-01, -3.412111041666665567e-01
5.468437495833332607e-01, -2.283806687500000432e-01
5.889527783333333710e-01, -2.628661250000000615e-01
5.085216499999999362e-01, -2.390032937499999566e-01
5.323064287500000047e-01, -2.523185000000000011e-01
4.314382750000000377e-01, -1.439357666666666591e-01
7.751912318750000530e-01, -4.572203437499998135e-01
6.491655041666667403e-01, -3.439806996875000578e-01
6.490828145833332785e-01, -3.200058333333334337e-01
4.207987041666668149e-01, -1.080121875000000092e-01
4.628169104166666714e-01, -1.236035833333333639e-01
5.237454749999999049e-01, -1.830129145833332693e-01
7.381725306250003227e-01, -3.719658691666667960e-01
4.796743037500000306e-01, -2.129986562500000291e-01
3.467581291666667620e-01, -6.360221666666665552e-02
4.747364729166667074e-01, -1.849517291666666619e-01
4.504839124999999722e-01, -1.639463166666666749e-01
5.248223729166665574e-01, -2.143128083333333267e-01
5.049951131250000058e-01, -1.851510458333333053e-01
5.603165395833332729e-01, -2.521238937499999944e-01
6.069142360416667215e-01, -2.553282020833333998e-01
4.572258229166665799e-01, -7.763193750000002558e-02
4.514757687500000061e-01, -1.578595229166666891e-01
4.684864229166667005e-01, -1.627584437499999537e-01
5.656240327083333908e-01, -2.595521156249998573e-01
4.800125552083333580e-01, -1.494518166666666537e-01
5.051457145833332385e-01, -2.160950416666666818e-01
4.489252708333333342e-01, -1.525240729166667253e-01
5.580366458333333446e-01, -2.417491145833332578e-01
4.085509583333333250e-01, -1.008843604166666380e-01
5.031741229166665219e-01, -1.749620145833333529e-01
4.680389020833332636e-01, -1.088357083333333503e-01
6.015743687499999215e-01, -1.867552083333333390e-01
6.489486333333334134e-01, -1.771806041666666720e-01
6.031769708333333257e-01, -9.244172916666663908e-02
6.572715531250000742e-01, -2.566755624999999541e-01
8.652383729166666093e-01, -4.835201785416666787e-01
8.451656000000000724e-01, -3.665316687499999837e-01
7.141008416666667635e-01, -2.056729354166665635e-01
9.325981100000001467e-01, -3.762383749999999583e-01
1.117085200000000222e+00, -6.220702916666666082e-01
6.641844229166666835e-01, -2.008200833333333157e-01
7.100929291666667753e-01, -1.945885208333333061e-01
1.030779120833332785e+00, -4.896970583333331573e-01
1.052850090625000234e+00, -5.544429999999999081e-01
9.026407558333334746e-01, -3.522932916666666192e-01
9.771024708333331255e-01, -3.482993833333332678e-01
7.914136531250001161e-01, -1.935921406250000754e-01
7.643416812499999047e-01, -1.913095458333333443e-01
8.545061770833332071e-01, -3.273781458333335226e-01
6.523077160416665965e-01, -2.709354374999999870e-01
8.932183166666666230e-01, -5.574423125000000923e-01
4.964025453124998322e-01, -1.434407083333332777e-01
7.123385812499999359e-01, -3.572879937499999770e-01
8.665540806249998340e-01, -5.275956812499998927e-01
6.731934187500000499e-01, -3.230499374999999396e-01
6.962060979166667662e-01, -3.275628124999999669e-01
7.902518577083332829e-01, -4.358657729166666162e-01
5.558326895833333170e-01, -8.461563125000000352e-02
8.557035337499997452e-01, -3.753203958333333756e-01
9.849851624999996780e-01, -5.629207958333333206e-01
7.440160041666663560e-01, -2.185773500000000036e-01
1.000901864166666710e+00, -5.156576145833332570e-01
1.199407122916666513e+00, -6.387312500000001947e-01
1.667344877083333010e+00, -1.083218729166666394e+00
1.231985610416666654e+00, -7.436846970833336234e-01
1.212558918749999659e+00, -7.108398306250003351e-01
1.439681270833333748e+00, -8.927455187500000777e-01
1.606995125000000080e+00, -1.012936545833333479e+00
1.754708145833333566e+00, -1.068078702083333109e+00
1.947188047916666553e+00, -1.165238402083333957e+00
2.151446435416666692e+00, -1.407293739583333592e+00
2.217743624999999774e+00, -1.464447485416666694e+00
1.368465206250000454e+00, -6.839646875000000570e-01
2.152078374999999877e+00, -1.388036829166666486e+00
2.338559999999999750e+00, -1.460743400000000358e+00
2.101994749999999801e+00, -1.221437735416667003e+00
1.802751756250000836e+00, -1.197808700000000171e+00
1.453647401458333377e+00, -1.236357924999999858e+00
1.526343208333333257e+00, -1.286202658333333693e+00
1.471397229166666820e+00, -1.020637041666667022e+00
1.771883020833333378e+00, -1.273300854166667051e+00
1.714319719375000384e+00, -1.084023022916666523e+00
1.787270952916666822e+00, -1.059500835416666620e+00
2.237426462500000213e+00, -1.381534708333333583e+00
1.910432193750000174e+00, -8.794982708333329846e-01
2.272378043750000298e+00, -1.077699770833333348e+00
2.188754016770833477e+00, -7.815584791666666531e-01
2.410892541666667555e+00, -9.121252916666667820e-01
2.491060979166667355e+00, -1.074402833333333751e+00
2.507670874999999189e+00, -1.291358062500000292e+00
2.482538388020833153e+00, -1.212508812499999866e+00
2.796983627083333701e+00, -1.758549604166667057e+00
2.390806018750000650e+00, -1.374659874999999642e+00
2.319860185416666720e+00, -1.474756229166666932e+00
2.738974139583332246e+00, -1.804130770833333175e+00
2.738298979166666314e+00, -1.759912416666666424e+00
2.575518447916666620e+00, -1.823250979166666452e+00
2.584614647499999585e+00, -1.824012229166666721e+00
2.800788856250000070e+00, -2.040836041666666656e+00
2.964247889583333517e+00, -2.029221979166666578e+00
2.387282811875000466e+00, -1.433761604166666759e+00
2.473163806250000096e+00, -1.575429143750000094e+00
2.463110089999999364e+00, -1.466424249999999541e+00
2.500711941666666771e+00, -1.518286250000000726e+00
2.127528933333333594e+00, -1.070336145833333363e+00
2.361176215208332874e+00, -1.276321145833333448e+00
2.150948800416666806e+00, -9.584171854166666504e-01
2.769095345833334054e+00, -1.533486249999999940e+00
2.712493844791666220e+00, -1.327697833333332911e+00
2.594638467291666473e+00, -1.167191895833333826e+00
2.791664916666666496e+00, -1.447934154166666376e+00
2.958940966666667283e+00, -1.415012270833332808e+00
2.377978864583333074e+00, -9.130328124999996797e-01
2.419929552083332602e+00, -1.054080831250000072e+00
2.642571310416665487e+00, -1.332079335416666455e+00
2.020231520833333239e+00, -6.736509583333333273e-01
2.015808701041667650e+00, -7.938674166666666032e-01
2.385365785416666551e+00, -9.755745624999997423e-01
2.530541736458333357e+00, -1.233859875000000050e+00
2.961619852083333893e+00, -1.678455429166667123e+00
2.657678697916667332e+00, -1.321890374999999951e+00
2.964497039166666070e+00, -1.692061297916666929e+00
3.038604622916666997e+00, -1.618267249999999935e+00
2.734185077083333137e+00, -1.152470833333332889e+00
2.926469666666667191e+00, -1.116509520833332880e+00
3.006943510416666854e+00, -1.311392958333333691e+00
2.707788252083334068e+00, -7.962084166666669738e-01
3.107344563541666549e+00, -1.235747583333333788e+00
2.582899870833333722e+00, -8.609117145833337092e-01
2.651168874999999758e+00, -9.997752291666667235e-01
2.797613666666666887e+00, -1.223059108333333311e+00
2.877371437499999463e+00, -1.242647139583333393e+00
3.224865087500000005e+00, -1.447804062500000155e+00
2.988065939583333996e+00, -1.114397791666666970e+00
3.004897052083333353e+00, -7.848327500000000789e-01
3.068926020833332213e+00, -1.018692633333333264e+00
3.356046749999999079e+00, -1.577709375000000191e+00
3.054389037500000015e+00, -1.296041800000000466e+00
2.749315937500000473e+00, -1.162843508333333276e+00
2.387148806249999478e+00, -7.903492083333333307e-01
1.964376686874999445e+00, -5.265616354166665625e-01
2.676066333333333436e+00, -1.210651229166666676e+00
2.893876161041666339e+00, -1.433235823125000197e+00
2.466509143750000188e+00, -1.038275156249999887e+00
2.348187172916666565e+00, -7.796437291666663549e-01
2.399452748958333714e+00, -9.353582062500004346e-01
2.696001116875000658e+00, -1.211750937500000180e+00
2.384062029166666985e+00, -6.963635020833337519e-01
2.373265012499999216e+00, -6.647623749999996834e-01
2.557216604166665963e+00, -6.398479791666663585e-01
2.430427058333334056e+00, -5.220391874999998905e-01
2.422207439583332622e+00, -4.662105000000002497e-01
2.122609699999999489e+00, -2.590123124999997861e-01
2.639812775000000222e+00, -7.844514583333336288e-01
2.134175085416667006e+00, -3.136702708333334866e-01
2.148578735416666330e+00, -3.334366666666666035e-01
2.330002106249999816e+00, -7.038572916666666623e-01
1.962501055208333289e+00, -3.607737291666666124e-01
1.832796480208332968e+00, -1.104726666666665524e-01
2.468061408333332984e+00, -7.797699166666666182e-01
2.404097470833333361e+00, -7.843735624999997880e-01
2.057211623333333073e+00, -5.731876108333334718e-01
2.063748014583333568e+00, -6.177667916666665926e-01
2.065525864583332982e+00, -7.482777500000000748e-01
2.122950029166666308e+00, -8.334822083333333076e-01
1.583946333333333456e+00, -3.022531875000000756e-01
1.663909776041666788e+00, -3.585278958333333876e-01
1.558277784374999753e+00, -1.932808125000000654e-01
1.491697562499999963e+00, -2.365141249999999362e-01
1.528271724999999748e+00, -3.311339791666667032e-01
1.592544673958333767e+00, -3.769183750000001942e-01
1.439325669375000061e+00, -3.066059166666664781e-01
1.474020786458333232e+00, -3.366787291666664683e-01
1.214474864583333646e+00, -2.296027291666666303e-02
1.252530291666666740e+00, -4.833104166666677554e-02
1.368504045833332627e+00, -1.821268791666666165e-01
1.407335191666666319e+00, -2.815792229166667049e-01
1.287382243333333065e+00, -1.643494187500000037e-01
1.347925641250000028e+00, -2.945345541666668510e-01
1.251094295833333314e+00, -1.913565770833333124e-01
8.009430208333333523e-01, 1.465294062499999939e-01
9.606785666666665113e-01, -6.266690416666666208e-02
1.025341974583333426e+00, -1.813724041666666675e-01
8.991807989583331384e-01, -6.979937500000022582e-03
9.806082666666667835e-01, -8.715388749999998519e-02
8.403945489583333206e-01, 8.053364541666664655e-02
8.290683179166666861e-01, 3.915919583333330595e-02
7.785971838541668744e-01, -7.961366666666662428e-02
9.651380250000003436e-01, -2.244104583333332847e-01
8.913811937499999116e-01, -1.624982291666666745e-01
7.049452331250000148e-01, -6.351631249999996343e-02
7.193226562499998034e-01, -1.358777083333332324e-02
7.236456130208334114e-01, 1.061473124999998650e-02
7.114042692708334448e-01, 4.503375000000024719e-03
5.938948916666667577e-01, 1.136006520833333228e-01
4.479749604166667343e-01, 2.510494166666666360e-01
4.692676427083333213e-01, 7.527393750000004047e-02
3.646361943750000001e-01, 8.825206249999999197e-02
3.141134416666667151e-01, 7.317183333333332484e-02
3.058542479166667105e-01, 9.037281041666667125e-02
3.748642739583332717e-01, 7.674366666666666836e-02
2.975089999999999679e-01, 1.299871312500000264e-01
2.801492520833332445e-01, 1.647339612500000328e-01
2.174542937499999995e-01, 2.425537791666666498e-01
1.249179593750000122e-01, 4.229886437499999485e-01
1.291079229166667008e-01, 2.515258541666666181e-01
1.255225791666666757e-01, 2.362409979166666119e-01
1.041841307291666574e-01, 2.163594520833333756e-01
8.668378124999999434e-02, 1.826947091666667189e-01
6.858614375000000873e-02, 2.425618833333333946e-01
7.685581458333333449e-02, 2.257295770833333826e-01
4.773194270833333586e-02, 2.350019520833333819e-01
5.658511354166667617e-02, 2.008501708333333413e-01
1.127847625000000104e-01, 1.203823104166666796e-01
1.068723083333333462e-01, 1.384888849583333081e-01
9.570113395833333703e-02, 1.828538189583333029e-01
1.043232167708333796e-01, 1.896077756250000579e-01
1.230500391666666388e-01, 1.409700354166666669e-01
1.054204895833333461e-01, 1.561291979166666566e-01
1.237204429166666730e-01, 1.280984604166666430e-01
1.561937624999999996e-01, 1.009826916666666657e-01
1.257243427083332976e-01, 1.541573837500000155e-01
1.584591862499999670e-01, 9.661269125000000735e-02
1.424804718749999866e-01, 1.073140770833333341e-01
1.282225558333333348e-01, 1.207635999999999848e-01
1.100771218750000030e-01, 2.221569187499999876e-01
1.716096359374999769e-01, 6.182990812500002015e-02
9.406742750000003650e-02, 1.415658979166666553e-01
1.350503364583333366e-01, 1.311691770833333381e-01
1.426820031250000120e-01, 8.020049166666663731e-02
1.657025785416666730e-01, 8.148926041666663955e-02
1.592352964583333697e-01, 1.297890883333333301e-01
1.033399672916666540e-01, 1.379361395833333670e-01
9.129406041666665583e-02, 1.132105750000000216e-01
8.489208208333333394e-02, 1.183934166666666815e-01
1.546539172916666649e-01, 7.905563395833331564e-02
1.876805293749999881e-01, 5.775112500000003507e-02
1.398467727083333723e-01, 1.144192395833333736e-01
8.116253479166667117e-02, 1.727849074999999734e-01
7.767901249999997759e-02, 1.806640187499999606e-01
8.708630791666666093e-02, 1.893984208333333308e-01
1.184073145833333257e-01, 1.863852624999999819e-01
1.422164000000000206e-01, 1.533357562499999827e-01
6.757623541666664402e-02, 2.138758299999999613e-01
1.763077562499999751e-01, 1.671502397916666272e-01
2.369881166666667205e-01, 1.845301487500000670e-01
8.823715000000000031e-02, 1.767145650000000179e-01
7.642166875000000470e-02, 1.748058937499999965e-01
1.058683437499999824e-01, 1.817517143750000397e-01
1.269501031249999634e-01, 1.761942833333334235e-01
8.740614375000001213e-02, 1.826462749999999968e-01
1.748278833333333226e-01, 1.770859022916667358e-01
9.638720416666668456e-02, 2.026989208333333792e-01
1.855130781250000638e-01, 2.001220316666666721e-01
9.427983541666669354e-02, 1.893308583333332962e-01
1.058206124999999803e-01, 1.517529562500000428e-01
1.095741572916666406e-01, 2.160270395833333301e-01
7.941815937499999145e-02, 1.635872499999999896e-01
7.791249687500000076e-02, 2.039789270833334001e-01
6.140584166666667593e-02, 2.053380708333333582e-01
2.393077333333333556e-02, 1.790255187499999734e-01
7.217864791666665780e-02, 1.812125818750000283e-01
4.411506312499999943e-02, 1.716285333333333607e-01
7.814708375000001261e-02, 1.971659562500000240e-01
4.118405666666665604e-02, 1.749419020833332949e-01
6.326042916666667348e-02, 1.596745979166666884e-01
4.470059739583333996e-02, 1.417254479166666914e-01
7.793283541666666536e-02, 1.819400000000000184e-01
7.081830833333334352e-02, 1.407733772916666959e-01
5.371763020833333208e-02, 1.417084643750000372e-01
4.681142875000000175e-02, 1.226393141666666381e-01
8.792174166666667789e-02, 1.033410010208333368e-01
1.412915662500000002e-01, 1.447148312499999812e-01
7.375519625000000190e-02, 2.026421187499999332e-01
7.537126666666667252e-02, 1.585402916666666662e-01
8.459775208333335239e-02, 1.463637822916667164e-01
1.294798958333333305e-01, 7.859760208333328724e-02
9.325602500000000628e-02, 1.206285416666666305e-01
3.632546874999999925e-02, 1.514874541666666463e-01
4.615104416666666182e-02, 2.295463458333332207e-01
4.605410791666667697e-02, 1.490548624999999683e-01
6.311784583333333865e-02, 1.408813750000000031e-01
6.043224072916666967e-02, 1.383121414583333431e-01
3.521677562499999498e-02, 1.818813937500000089e-01
3.023845000000000005e-02, 1.718943625000000364e-01
3.770198749999999904e-02, 1.680227979166666608e-01
5.067432520833333592e-02, 1.278428208333333427e-01
9.524445624999999804e-02, 7.416713125000001794e-02
7.595327916666666512e-02, 1.246964062500000026e-01
1.365644087499999770e-01, 7.769119166666670073e-02
1.185306816666666929e-01, 8.040244166666664360e-02
7.474164062499998040e-02, 1.384299900000000583e-01
1.034743957291666683e-01, 1.100455895833333253e-01
3.710022083333332915e-02, 1.660341416666666070e-01
7.152571833333333517e-02, 7.180368749999999078e-02
9.095309166666665224e-02, 9.159190625000000752e-02
1.044898440625000036e-01, 6.876642083333334154e-02
7.595466916666665513e-02, 1.125024716666666730e-01
5.830669572916664239e-02, 1.498860333333333628e-01
3.901237895833332275e-02, 1.403066145833333500e-01
9.448536437499999163e-02, 7.968961874999998252e-02
5.175193895833331975e-02, 1.195381104166666625e-01
8.835746249999998359e-02, 9.525046041666668240e-02
7.339795583333331985e-02, 1.045481666666666781e-01
4.859459166666666580e-02, 1.322908383958333600e-01
4.816215000000000773e-02, 1.566954124999999920e-01
9.482232708333336590e-02, 7.300228749999999878e-02
5.328471770833333870e-02, 1.025363562499999742e-01
7.337462145833333060e-02, 1.047241104166666825e-01
3.250825208333333466e-02, 1.429428687500000350e-01
3.454153125000000019e-02, 1.115653979166666560e-01
7.606138291666665607e-02, 8.680607916666670254e-02
9.548877552083336051e-02, 9.126492083333331840e-02
1.292528780208333228e-01, 9.872220687500000980e-02
1.100796468750000340e-01, 9.594286187500000729e-02
1.033721522916666719e-01, 1.188556520833333324e-01
1.380018374999999742e-01, 1.384698979166666677e-01
8.825514583333332608e-02, 1.819323010416666053e-01
1.603824166666666384e-01, 7.416572916666666626e-02
8.335641041666667916e-02, 2.034012825000000024e-01
9.132757958333333204e-02, 1.492588720833333549e-01
1.060307833333333644e-01, 1.935440739583333680e-01
9.133178645833332776e-02, 3.094174124999999886e-01
1.589066562500000002e-01, 2.027036072916666709e-01
1.142723416666666658e-01, 2.162597631041667523e-01
3.255265208333332771e-01, -2.909433125000001827e-02
5.794945000000000651e-02, 2.349709958333332793e-01
1.242575166666666647e-01, 1.350857375000000249e-01
1.238553812500000073e-01, 1.308593471666666119e-01
1.103112666666666852e-01, 1.189525816666667096e-01
1.945634264583333273e-01, 6.028775833333333001e-02
1.925490937499999555e-01, 1.293465145833333323e-02
1.141975820833333599e-01, 1.099286425000000067e-01
2.513005979166666459e-01, -4.997559999999997421e-02
2.581959125000000688e-01, -8.023535187500001331e-02
2.562074375000000237e-01, -8.297521812499998595e-02
2.265153791666666694e-01, -3.214693541666665405e-02
2.177450312499999985e-01, -1.920181666666664899e-02
2.194028156249999695e-01, -3.058733833333332486e-02
2.021973905208333255e-01, 5.496331041666646829e-03
1.227791906249999787e-01, 7.789650695833333360e-02
2.867196938541666795e-01, -9.177044583333336669e-02
1.416347930208333439e-01, 8.537096458333331972e-02
7.266562062499999641e-02, 1.795786937499999347e-01
1.577207604166666333e-01, 3.948743979166665502e-02
2.209570218749999926e-01, -4.129249374999999916e-02
2.454949433333332987e-01, -4.228964374999996667e-02
2.236986077083333024e-01, -1.482416666666676363e-03
2.400952115625000216e-01, -4.597554166666660731e-03
1.777493320833333224e-01, 9.268580333333331644e-02
1.581966379166666603e-01, 7.924538750000002796e-02
7.675925645833332756e-02, 1.820231624999999742e-01
1.888571906250000598e-01, -3.951029166666660507e-03
3.593933806249998697e-01, -1.832506520833333818e-01
2.166518287500000806e-01, -1.303052895833335147e-02
1.210410613541666874e-01, 8.658355416666664583e-02
1.651538479166666795e-01, 1.759492083333332249e-02
2.789226916666666667e-01, -9.391647499999994375e-02
2.320920916666666944e-01, -3.928268750000001724e-02
2.173897139583333693e-01, 9.461458333333595816e-04
1.564402229166666214e-01, 9.190915458333331900e-02
2.693151291666667224e-01, -5.274394999999999084e-02
1.676103458333332574e-01, 6.929457708333335020e-02
5.212739395833334566e-01, -2.491217500000000029e-01
3.818644947916667309e-01, -1.824403062500000727e-01
2.813088958333332945e-01, -7.852507916666663645e-02
3.312852802083333104e-01, -1.425223964583332836e-01
3.180446906250000150e-01, -1.195271749999999716e-01
1.847975516666666984e-01, 6.609222708333332974e-02
1.337206895833333020e-01, 1.701578687499999687e-01
9.605750000000000399e-02, 2.396471875000000251e-01
2.438260006249999556e-01, 1.248608520833333208e-01
6.017518812500000785e-02, 3.677230345833333858e-01
1.389298329166666346e-01, 3.297495729166666778e-01
1.306989954166666579e-01, 2.948771041666666815e-01
6.266406047916668332e-01, -2.781519791666666186e-01
5.189137458333333841e-01, -1.814293083333332890e-01
5.061171812500000478e-01, -1.322173479166666443e-01
5.772370764583332203e-01, -2.317653981250000494e-01
5.667058343749998839e-01, -2.330725979166666795e-01
4.000545052083332997e-01, -7.644912499999995115e-02
5.037334833333332318e-01, -2.248171249999999788e-01
4.903670697916668875e-01, -2.365719479166666639e-01
4.776461870833333401e-01, -2.347006229166666846e-01
5.338188239583333550e-01, -2.794006187499999960e-01
3.610040718750000543e-01, -7.579229791666669547e-02
3.553166854166666666e-01, -7.310983541666667140e-02
2.941229249999999795e-01, 2.886485833333331599e-02
3.763801124999999193e-01, -3.847300833333332920e-02
3.956755464583333048e-01, -6.385272916666666354e-02
3.728212968749999856e-01, 3.378887708333331436e-02
3.187842916666667192e-01, 2.604651249999999016e-02
3.360689093750000023e-01, -7.935833333333590378e-05
3.272182897916666167e-01, 4.039168750000000918e-02
3.290469708333333965e-01, 8.380643749999999725e-02
3.967829166666667073e-01, -3.998185416666666381e-02
3.215604166666666264e-01, 5.719527083333333234e-02
3.419877110416666421e-01, 2.735898958333335754e-02
3.229801312500000243e-01, 6.627376875000000334e-02
4.171369822916668468e-01, -1.475658333333331775e-02
3.795707979166666468e-01, 8.404575000000007873e-03
1.465323979166666957e-01, 4.202150833333333502e-01
1.996979937499999969e-01, 3.801385020833333850e-01
1.456593937500000324e-01, 5.147632562499998565e-01
1.862929124999999908e-01, 3.932679395833332259e-01
2.744154020833333152e-01, 1.973808395833333007e-01
3.780886104166665818e-01, -1.311632916666665739e-02
2.810579297916666053e-01, 1.800649375000000149e-02
2.251296445833333992e-01, 1.204710645833333288e-01
1.608765677083333068e-01, 1.208123833333333286e-01
2.198761014583333340e-01, 6.188699791666666533e-02
2.520678949999999863e-01, 3.881474374999999838e-02
2.572245508333333430e-01, 3.687197916666667963e-02
2.435386739583333959e-01, 6.984536458333330533e-02
2.985236937499999854e-01, 1.390269166666668020e-02
3.110128958333333027e-01, 7.042607291666666547e-02
1.862523479166666440e-01, 2.770982000000000167e-01
2.990565729166667075e-01, 2.266897916666666957e-01
3.632417562500000474e-01, 1.902935437499999882e-01
4.744939041666665358e-01, 1.000703589583333414e-01
3.850109937499999191e-01, 2.722940375000000301e-01
5.612218527083333575e-01, 1.713306708333333372e-01
5.870956104166668021e-01, 1.499412541666667320e-01
6.231509687500000894e-01, 1.074279291666666580e-01
7.420149958333333018e-01, -3.009807500000004354e-02
6.564598406249998463e-01, 2.816512499999994715e-02
7.452970281249999829e-01, -7.730717500000007340e-03
5.083171681249999407e-01, 1.818942533333333944e-01
5.959544452083332944e-01, -2.645336249999998349e-02
9.459541739583334774e-01, -3.471271250000000919e-01
8.492091770833335440e-01, -1.680711872916665628e-01
7.741414312499997896e-01, -1.092474791666665085e-02
9.000709208333330658e-01, -4.467997916666665431e-02
8.339652666666665937e-01, 1.472293541666666317e-01
7.788420395833330900e-01, 2.563956666666667439e-01
7.795130229166667979e-01, 3.209254562500000740e-01
9.352288500000001115e-01, 4.234706249999997674e-02
1.010791793750000389e+00, -7.409000208333331450e-02
1.081903522916667137e+00, -9.238995208333329601e-02
1.099655513124999873e+00, -7.595561041666665236e-02
1.082552808333333783e+00, -8.381972916666667606e-02
1.198547858333333549e+00, -1.929952500000001459e-01
1.119567318749999929e+00, 2.436216249999997863e-02
1.382042001041666524e+00, -3.908416249999999703e-01
1.304355066666666785e+00, -2.712763750000000695e-01
1.666294047916666132e+00, -6.578640833333331273e-01
1.380917863125000089e+00, -3.571481239583333966e-01
1.777440377083332912e+00, -7.054789937499995611e-01
2.052791764583333567e+00, -1.088556124999999986e+00
1.806994708333333532e+00, -7.566161570833332961e-01
1.717567556250000571e+00, -6.300318229166667061e-01
1.649009693750000283e+00, -5.399375833333335262e-01
1.891194656249999939e+00, -7.288239999999998053e-01
1.858879979166666585e+00, -7.652947499999999126e-01
1.674103079166666896e+00, -5.783759666666665744e-01
1.657280571458333851e+00, -5.882057395833332203e-01
1.754753112499999768e+00, -7.081685437500001568e-01
1.544619807291667257e+00, -4.464575833333332966e-01
1.780854426458334139e+00, -7.114223062500001360e-01
1.497723777083333374e+00, -3.709738045833335107e-01
1.828646602083333184e+00, -6.288922708333335443e-01
1.733349327083333113e+00, -5.780087187499999279e-01
1.808706881250000231e+00, -6.537571208333331496e-01
1.740040443749999888e+00, -6.695201249999999105e-01
1.893035747916667288e+00, -8.377456249999997162e-01
1.891514972916666482e+00, -9.352037708333332811e-01
1.659250812083334026e+00, -7.951453750000000431e-01
1.591697691666666747e+00, -7.625327354166665517e-01
1.258368358333333159e+00, -4.664379166666665633e-01
1.318426216666666706e+00, -5.775725625000002195e-01
1.428676227083333083e+00, -7.555819791666665841e-01
1.239083341666666449e+00, -5.610316270833332064e-01
1.474472200000000122e+00, -7.706888437500002409e-01
1.201504134374999921e+00, -4.663258749999998898e-01
1.336232166666666776e+00, -4.913468958333330749e-01
1.497647364583333918e+00, -6.959878327499998685e-01
1.922903556250000756e+00, -1.092828208333333384e+00
1.631558684375000290e+00, -6.928440187499997904e-01
2.110446179166667324e+00, -1.163944375000000031e+00
2.278012833333334264e+00, -1.298699958333333182e+00
2.369375267708333066e+00, -1.277656166666666815e+00
1.941393367708332818e+00, -7.888954166666667378e-01
1.719535185416667167e+00, -4.420248916666665306e-01
2.020044287500000202e+00, -7.862797708333334468e-01
2.369249070833333803e+00, -1.134013895833333452e+00
1.796262736458332787e+00, -5.940338250000000153e-01
2.336974185416667016e+00, -1.087016225000000391e+00
1.845185447916666499e+00, -6.946254541666666560e-01
2.561032458333333039e+00, -1.323174583333333709e+00
1.556999747499999698e+00, -3.953084583333333346e-01
2.331441583333333067e+00, -1.130862689583333358e+00
1.938954374999999786e+00, -7.124230000000002505e-01
2.754430502083332843e+00, -1.464435312500000030e+00
2.691017392291666699e+00, -1.286960541666666735e+00
2.427995856250000362e+00, -9.766376041666667840e-01
2.516757895833332981e+00, -1.056177958333333278e+00
2.483267795833332681e+00, -8.714755625000001338e-01
2.788685858333332934e+00, -1.244562750000000273e+00
2.470650741666666761e+00, -9.771472500000001338e-01
2.345485252083333361e+00, -8.163510208333334406e-01
2.119925988541667028e+00, -7.415949166666667702e-01
2.645634374999999761e+00, -1.401306458333333227e+00
2.424112833333333494e+00, -1.169694395833333234e+00
2.538593520833333006e+00, -1.373649791666667008e+00
2.538586414583333006e+00, -1.379383770833333633e+00
2.062165785416666619e+00, -9.528105000000001157e-01
2.678365291666666703e+00, -1.619321720833332812e+00
2.309413466666666359e+00, -1.261448604166666820e+00
2.273321618541666478e+00, -1.166685854166666703e+00
2.114597993125000297e+00, -1.038578291666666376e+00
2.389984639583333959e+00, -1.338138291666666424e+00
2.288919838437499354e+00, -1.212871729166666857e+00
2.281927901458333352e+00, -1.044455958333333712e+00
2.515674262500000591e+00, -1.043068500000000176e+00
2.574022916666666827e+00, -1.017491562500000057e+00
2.534830260000000113e+00, -7.663684625000001249e-01
2.608688972916666238e+00, -8.023644583333332525e-01
2.886170776562500873e+00, -1.152081562500000045e+00
2.659107749999999992e+00, -9.488934166666663783e-01
2.610529006250000617e+00, -8.732158958333333665e-01
2.869487664583333597e+00, -1.067469270833333095e+00
2.936332872916667114e+00, -9.914280416666666484e-01
2.752426650000000308e+00, -8.897513124999999468e-01
2.501555145833334048e+00, -7.351281458333334129e-01
2.203413895312499982e+00, -4.892969791666668677e-01
2.258109193750000632e+00, -7.196620624999999771e-01
2.146712968749999728e+00, -7.334052083333334471e-01
2.031171529791666597e+00, -7.579903187500000028e-01
1.860766219895833684e+00, -7.039999541666664973e-01
1.872371260000000204e+00, -7.309339789583332303e-01
1.607171772916667019e+00, -4.672064908333333211e-01
1.892446410416666502e+00, -8.676486831250000975e-01
1.931524895833333089e+00, -8.779428145833335639e-01
1.725511166666667151e+00, -6.222972958333333748e-01
2.029465041666666636e+00, -8.201235625000000695e-01
2.033006458333332933e+00, -8.708295854166666627e-01
2.030916031249999865e+00, -7.931031208333333415e-01
1.903070929166665870e+00, -6.104308125000001972e-01
1.770360895833333892e+00, -3.752954374999997733e-01
1.816082864583333789e+00, -5.699812687500002140e-01
1.839098722916666873e+00, -5.832573375000001947e-01
1.735134041666666294e+00, -3.589822708333334500e-01
1.676948672916666050e+00, -4.004821249999999111e-01
1.554294660416666751e+00, -1.894320791666667114e-01
1.463776175000000679e+00, -1.723150270833333497e-01
1.605057497916666742e+00, -3.993506250000000146e-01
1.655734162499999274e+00, -4.891445416666667101e-01
1.362149602083333244e+00, -2.060433541666667201e-01
1.521507135416666712e+00, -5.182415416666665831e-01
1.306611725000000002e+00, -3.911015625000001106e-01
1.241854529166666721e+00, -4.105444681250001726e-01
1.209805783958333159e+00, -3.812945062499998872e-01
1.185239772916666823e+00, -4.167349312499998848e-01
8.929595631249996890e-01, -2.102640416666665679e-01
9.115483052083334092e-01, -2.601527291666667074e-01
8.972243041666666530e-01, -2.744442083333332727e-01
8.808752270833332121e-01, -1.788753125000001332e-01
8.234504562500001290e-01, -1.390447249999998969e-01
6.057667770833331522e-01, 1.519812499999967370e-03
5.246256229166665896e-01, 3.225079166666663943e-02
5.551224230208334776e-01, -3.995438958333331209e-02
4.641752187499999516e-01, 2.232729374999996644e-02
4.142916770833333651e-01, 4.237264166666667581e-02
3.244597291666667660e-01, 1.071136360416666683e-01
2.716377331250000027e-01, 1.530637687500000232e-01
1.733375170833333645e-01, 2.661849999999999494e-01
3.333844062499999872e-01, 3.818378958333332879e-02
2.312187433333332820e-01, 1.533190812499999611e-01
2.276854447916666635e-01, 1.431547854166666245e-01
2.219111562499999912e-01, 1.230642875000000774e-01
2.180918458333333809e-01, 1.004534979166666203e-01
4.308107249999998944e-01, -7.648261458333331653e-02
3.681169104166666650e-01, 7.710933829166666253e-02
3.196222666666666545e-01, 1.329483720833333493e-01
3.281218500000000482e-01, 1.004283666666666713e-01
2.805623472916666805e-01, 1.022573083333333105e-01
2.516251250000000605e-01, 9.607814583333333658e-02
2.338061070833332977e-01, 7.366730000000001888e-02
2.140469604166666817e-01, 9.314247479166665178e-02
1.575630999999999837e-01, 1.845626466666666632e-01
1.759268052083333422e-01, 1.845200854166666182e-01
6.297011718750000764e-02, 3.869610374999998825e-01
1.633056854166666516e-01, 1.769724979166666934e-01
1.907703812500000096e-01, 1.779220583333333272e-01
2.526938337499999299e-01, 9.957189958333330371e-02
1.854807277083333483e-01, 2.171028958333333370e-01
1.092610394791666689e-01, 2.680695687500000424e-01
1.003246135416666490e-01, 2.508152124999999955e-01
2.485816020833332696e-01, 1.027459333333333169e-01
1.403040583333333424e-01, 2.402028041666666169e-01
2.027299437500000578e-01, 2.034359666666666067e-01
1.558561777083333211e-01, 2.201496697916667244e-01
1.727077422916666605e-01, 2.086642083333333231e-01
1.493124960416666314e-01, 2.526695104166665762e-01
1.302169333333333401e-01, 2.770176249999999896e-01
2.818443458333333429e-01, 4.835968750000000510e-02
1.407557520833333242e-01, 1.405417083333333206e-01
1.921037916666666068e-01, 1.248775479166666508e-01
2.235473104166666447e-01, 1.031119479166666547e-01
1.788870718749999422e-01, 1.289611958333333475e-01
1.730419302083333333e-01, 1.026461604166666181e-01
1.659304454166666554e-01, 9.338042499999998913e-02
1.411365145833333168e-01, 1.072939854166666679e-01
1.518357837500000362e-01, 8.327337083333331835e-02
1.603082733333333343e-01, 1.153185833333333354e-01
1.638508737500000145e-01, 9.086717916666668671e-02
1.055856018749999903e-01, 2.317404222916667200e-01
1.164231937500000008e-01, 1.782894375000000087e-01
1.947784473958332763e-01, 1.251371958333333256e-01
1.999789089583332569e-01, 1.727997375000000224e-01
1.821182901041666635e-01, 1.752989104166666756e-01
7.248876833333331438e-02, 4.214322541666665756e-01
1.663389041666666623e-01, 1.977915708333333189e-01
1.319474333333333083e-01, 2.320542972916666280e-01
2.386294526041667086e-01, 7.546155624999997813e-02
1.470057604166666865e-01, 1.645963110416666375e-01
1.346947833333333178e-01, 2.489347833333333260e-01
1.104246791666666505e-01, 3.043293958333333493e-01
2.746450474999999614e-01, 5.822783958333335730e-02
1.621503640625000242e-01, 1.043113625000000044e-01
1.792704816666666756e-01, 9.659431041666666218e-02
1.801487906249999160e-01, 8.830072083333335986e-02
1.961512344791666307e-01, 8.885897708333334588e-02
2.115988906250000079e-01, 8.860484375000000912e-02
2.101775500000000185e-01, 8.459183958333334197e-02
1.218962749999999845e-01, 1.727688499999999738e-01
2.329466860416665730e-01, 4.559382291666666531e-02
1.884674256250000735e-01, 5.783090833333331959e-02
1.796222140625000074e-01, 6.618944375000000713e-02
8.002569375000000151e-02, 1.726590208333333709e-01
8.309300874999998865e-02, 1.504068624999999881e-01
1.119851499999999916e-01, 1.317123104166666725e-01
8.109604791666663592e-02, 1.487924520833333875e-01
8.928830062499998332e-02, 9.047372687500003507e-02
7.025604729166666507e-02, 1.093910750000000043e-01
1.005234624999999937e-01, 8.298695808333332591e-02
7.543032145833332425e-02, 1.492695618749999564e-01
9.032845791666666013e-02, 1.016061868750000180e-01
1.085223906249999648e-01, 1.013397374999999850e-01
