2.203152604166666695e+00, -1.225113416666666843e+00
1.560563979166666726e-01, 7.340429166666665450e-01
2.318221714583333704e+00, -1.413973845833333520e+00
2.326319889583333467e+00, -1.556827975000000253e+00
1.899039324583333022e+00, -9.179215625000000101e-01
1.310638685416666949e+00, -8.321628124999999043e-01
2.522445631249999654e+00, -1.965303952083332417e+00
2.042971378749999456e+00, -1.369176687499999767e+00
1.201215091666666845e+00, -3.884349375000002991e-01
2.646387083333333834e+00, -1.725719125000000576e+00
2.867976654166666250e+00, -1.889452916666666482e+00
3.009643837500000529e+00, -1.891318104166666458e+00
3.117156211458332660e+00, -1.884544854166667172e+00
3.309196159895833933e+00, -2.002235395833332987e+00
1.932576897916666425e+00, -6.558635479166666782e-01
3.535013774999999914e+00, -2.140280375000000124e+00
3.897519422916666088e+00, -2.050059604166666549e+00
3.984421036874999711e+00, -2.023433958333333393e+00
3.820232866666666727e+00, -1.888788750000000460e+00
3.591431137499998982e+00, -1.740110729166667092e+00
4.476419062499998880e+00, -2.252882693749999721e+00
2.031927562499999063e+00, -3.655671666666674563e-02
2.591545766666666584e+00, -1.012896000000000241e+00
1.672228612499998990e+00, -1.934709999999999208e-01
6.958134291666668858e-01, 8.089925395833331701e-01
8.846289166666666537e-01, 4.514758541666667457e-01
2.832983325000000274e+00, -1.746270624999999521e+00
3.596978645833333488e+00, -2.621588031249999506e+00
1.712223708958333424e+00, -8.775579208333335046e-01
1.768372458333333341e+00, -9.359251312499999864e-01
1.923849687499999739e+00, -8.676295833333335095e-01
1.156155845833333196e+00, -4.918662291666668351e-01
8.008546458333333229e-01, -6.938670625000002701e-02
1.014276414583333397e+00, -2.701364041666665106e-01
3.854158872916667367e+00, -2.782688937499999682e+00
3.578671154166667367e+00, -2.579439708333333581e+00
3.782780062500000540e+00, -2.671186799999999639e+00
1.915468329166666317e+00, 9.359183333333333243e-02
4.332268770833333171e+00, -1.604681875000000035e+00
4.261840770833333458e+00, -1.183048941666666964e+00
4.621556145833333851e+00, -1.550912958333333647e+00
3.618513874999999658e+00, -2.409385749999999771e+00
4.677999562500001041e+00, -3.446181881249998469e+00
3.664960833333334111e+00, -2.451052229166666763e+00
2.784683166666666931e+00, -1.644593979166666387e+00
1.125572729166666619e+00, 9.417260416666661804e-02
1.146352954166666605e+00, 1.504200625000000624e-01
3.327906068749999502e+00, -1.809048124999999452e+00
2.790921387500000517e+00, -1.313448333333332885e+00
3.354563060416666076e+00, -1.906684895833332893e+00
4.276668187500000329e+00, -2.560566145833333085e+00
2.805959456249999651e+00, -6.696226250000001379e-01
3.220002243750000659e+00, -1.087147375000000027e+00
8.251923416666665512e-01, 5.561070583333335149e-01
3.829080509375000219e+00, -2.666921325000000120e+00
4.687761314583333672e+00, -3.016147756249999645e+00
3.246709327083333374e+00, -1.347265374999999432e+00
1.612460741666666308e+00, -1.629008999999998208e-01
2.515841729166666596e+00, -9.528474375000001162e-01
3.196251339583334072e+00, -1.353958729166666153e+00
4.717596083333333468e+00, -2.109387020833334070e+00
7.386971993750001131e-01, 1.460902395833333811e+00
7.309341875000002764e-01, 2.490381458333332521e-01
1.486690437500000073e+00, -2.775224166666666048e-01
1.386624541666666710e+00, -1.811641875000001012e-01
5.013022687500000352e+00, -3.665421437500000490e+00
5.539574687500000039e+00, -3.916655687500000482e+00
4.163155645833333196e+00, -2.577111120833333491e+00
6.634655999999999665e+00, -4.655281366666666365e+00
4.259114916666667305e+00, -2.483867187499999574e+00
2.784947708333333605e+00, -1.153316897916666361e+00
3.134404375000000353e+00, -1.509105054166666404e+00
4.872262708333333414e+00, -2.347684333333332152e+00
1.380640002083333373e+00, 1.043992635416666870e+00
5.402983360416667047e+00, -2.996818750000000531e+00
2.369735654166666539e+00, -5.208974375000001711e-01
2.283847083333332417e+00, -7.882996541666669188e-01
3.071476458333334492e+00, -1.549779145833332983e+00
3.887797354166664832e+00, -2.042561229166665715e+00
5.823668356249997125e+00, -3.735697208333332409e+00
3.477372304166666428e+00, -1.564998452083331548e+00
4.419100445833333168e+00, -2.512777354166666477e+00
6.052186133333335327e+00, -3.614383854166665966e+00
5.904228589166666374e+00, -3.102441791666665782e+00
4.860010512499999713e+00, -1.137191249999999876e+00
1.226900583333333072e+00, 1.993342150000000812e+00
1.782256999999999758e+00, 1.026278399999999591e+00
5.372080733333331359e+00, -2.562161833333334471e+00
4.938195166666668356e+00, -1.174553687499999999e+00
3.807801041666666553e+00, 2.864862291666667726e-01
5.019758587499999258e+00, -3.811372916666667110e-01
2.895187520833333750e+00, 8.714775624999995252e-01
9.027666895833333927e-01, 1.638959083333333622e+00
1.604049437499999842e+00, 7.643436249999999710e-01
5.092180224999999893e+00, -2.544084187499998873e+00
5.091084793750001225e+00, -2.178748312500000672e+00
4.668507416666666465e+00, -1.428432500000000216e+00
6.973740916666668177e+00, -3.480352291666665376e+00
3.808178387500000373e+00, -8.447529166666667422e-01
4.827283077708332648e+00, -1.484472333333332728e+00
5.782157135416668758e+00, -2.746716249999999970e+00
5.453120770833333353e+00, -2.419632624999999759e+00
4.375830384375000826e+00, -1.788148958333332983e+00
6.504084375000000584e+00, -3.795329166666666421e+00
7.619369172916667488e+00, -4.635181375000000159e+00
6.032200958333334029e+00, -1.991492499999999000e+00
5.325920614583332657e+00, -9.904629145833333537e-01
6.388572729166665631e+00, -1.828552979166666148e+00
5.257526787500000687e+00, -1.217128725000000911e+00
4.382824883333332089e+00, -1.444123589583332645e+00
4.388222270833332495e+00, -1.442873937500000148e+00
6.998379187499998544e+00, -2.851598749999998628e+00
6.527992895833333087e+00, -1.449254250000000299e+00
4.068196666666667127e+00, -1.408586666666667986e-01
8.258467979166665529e+00, -4.448498374999998894e+00
9.230239583333334608e+00, -4.663682291666667368e+00
8.541804333333335109e+00, -3.070730000000001070e+00
8.990731083333331597e+00, -3.160158791666667355e+00
7.224083916666667271e+00, -2.243887708333333730e+00
8.654954333333330752e+00, -4.390809058333333681e+00
8.213861958333334101e+00, -3.947203033333335664e+00
6.080097820833336719e+00, -1.629290750416667377e+00
7.219688854166665060e+00, -2.186884770833332770e+00
6.160486749999997791e+00, -1.046301666666667129e+00
7.308580862500000386e+00, -2.036223749999999555e+00
7.320324125000001736e+00, -1.396864458333332282e+00
6.453039541666666601e+00, -1.000123500000000609e+00
4.404741764583333996e+00, -2.528278333333335293e-01
8.280392979166668610e+00, -4.637044166666666634e+00
4.672551874999999022e+00, -1.656119624999999873e+00
6.453465645833333042e+00, -3.041153541666665294e+00
6.038451041666665908e+00, -1.966960625000000240e+00
7.349776102083332319e+00, -2.986407291666665742e+00
5.997175520833335050e+00, -1.681393124999999600e+00
6.341596454166666952e+00, -2.328130000000001143e+00
2.420251957291666756e+00, 1.104209729166666376e+00
8.524357499999998922e+00, -5.231348104166667845e+00
9.197206791666664216e+00, -5.371122708333339268e+00
1.333085141666667006e+01, -8.843985312500000973e+00
1.124169758333333391e+01, -6.379796108333334104e+00
1.184765883958333355e+01, -6.548129583333332171e+00
1.325623791666666840e+01, -9.207152083333332016e+00
8.763724731250000843e+00, -4.154422666666667929e+00
8.915102312499998405e+00, -3.988046458333334154e+00
1.036453804166666792e+01, -4.874761500000004411e+00
1.158773333333333078e+01, -5.878518958333333266e+00
9.943064666666666440e+00, -3.950823749999999634e+00
9.516322916666668519e+00, -3.675419781249999573e+00
7.575681283333330462e+00, -1.636830604166666037e+00
1.090801336666667076e+01, -4.476636041666666621e+00
1.114315843750000035e+01, -4.480343979166665491e+00
1.056086554166666680e+01, -4.060355145833333346e+00
1.001076097916666718e+01, -3.590418874999998788e+00
1.020840234166666782e+01, -3.971741458333332364e+00
1.093437810416666878e+01, -4.641525164583333307e+00
6.012640562499999675e+00, -9.268291666666665651e-02
2.916661666666666708e+00, 2.783878749999999958e+00
8.992585208333332858e+00, -3.299393937500000096e+00
8.986047062500000848e+00, -3.480256145833334092e+00
8.157064708333333414e+00, -2.403165124999999680e+00
7.381244812500001196e+00, -1.782758541666666696e+00
6.914515624999999943e+00, -6.800131250000004401e-01
9.369154104166668162e+00, -3.569834166666665975e+00
5.118542666666666463e+00, 9.216836249999994513e-01
8.356209208333330807e+00, -2.601812895833333972e+00
9.912494206249998996e+00, -3.866441374999999514e+00
9.900193562500000155e+00, -3.392533854166666529e+00
9.030968604166664804e+00, -2.594240791666666102e+00
9.438293916666667727e+00, -2.624370833333332875e+00
8.681217804166665886e+00, -2.028851937500000258e+00
6.850229510416665057e+00, -4.624124499999995863e-01
8.826666316666667456e+00, -2.139680833333334586e+00
6.861243791666666425e+00, -2.172937916666667635e-01
9.127797875000000616e+00, -2.250024416666667637e+00
7.305801104166664395e+00, -1.190268749999999542e+00
7.311387416666665473e+00, -1.059610104166667455e+00
8.280969287499997833e+00, -2.160280395833332534e+00
4.722951574999998847e+00, 8.369709916666666638e-01
6.707506104166669481e+00, -1.237557875000000696e+00
7.771361320416667162e+00, -1.512333375000000757e+00
8.110665500000001416e+00, -2.301750000000001517e+00
7.744965187499999182e+00, -1.732407500000000100e+00
7.424225416666665467e+00, -1.624818312500000639e+00
7.589418375000000161e+00, -1.712829604166667297e+00
7.593288442708331587e+00, -1.916310520833333975e+00
7.204795416666665453e+00, -1.624775458333333589e+00
5.776188583333333071e+00, -7.945816250000005132e-01
6.380716770833331886e+00, -1.791901479166666755e+00
6.871786208333335644e+00, -2.131978249999999520e+00
6.583269104166665109e+00, -1.537905416666666580e+00
5.765706985416667152e+00, -1.144513729166666272e+00
5.005457389583334304e+00, -6.462789166666667029e-01
5.327687958333333640e+00, -8.342780000000002971e-01
5.508691645833334150e+00, -1.109148645833333502e+00
5.005930124999999897e+00, -7.211862708333326433e-01
4.943468124999999880e+00, -6.927074374999997453e-01
4.548941937500001309e+00, -1.729168604166666789e-01
4.726616922916667463e+00, -6.545667291666668053e-01
4.841625870833333956e+00, -8.422213124999998746e-01
4.452477437499999802e+00, -3.983871041666666724e-01
5.022561083333332732e+00, -1.106787062499999807e+00
4.462695502083332322e+00, -4.547956458333333174e-01
4.346495062499999840e+00, 7.037395833333327799e-02
4.404733889583332562e+00, -1.772047916666682002e-02
4.152560927083333020e+00, 2.141832562499997872e-01
5.189610379166665233e+00, -8.141707916666666156e-01
5.226539824999999695e+00, -7.034271604166669745e-01
5.344586133333334210e+00, -4.734686666666667598e-01
5.113310895833333980e+00, -3.867358333333335563e-01
5.202827268750001011e+00, -5.840895833333328291e-01
4.939620597916666078e+00, -4.482753541666666397e-01
4.562091327083333425e+00, 5.308277083333316076e-02
4.465055458333334393e+00, -7.200670833333355780e-02
4.070217080208332838e+00, 1.344603479166670557e-01
4.232852375000001111e+00, -1.087484166666664587e-01
4.275286875000001707e+00, -6.015528749999997649e-01
5.101551312500000712e+00, -2.326140414583332650e+00
4.164656916666666930e+00, -1.036507770833333009e+00
4.542882666666667291e+00, -1.416949229166666768e+00
4.469987604166665740e+00, -1.155273585416666249e+00
4.463765624999999737e+00, -7.407776520833339040e-01
3.712790249999998959e+00, 2.933685624999999852e-01
5.948643437499998576e+00, -2.287039791666666932e+00
6.766252547916667304e+00, -2.721982254166666504e+00
5.796830524999998069e+00, -9.423726666666664142e-01
6.629646250000000407e+00, -1.801603062500000574e+00
8.473384116666665022e+00, -2.972609437499999174e+00
4.992552874999999446e+00, 4.312756458333333320e-01
3.963279583333333189e+00, 7.960549791666665653e-01
4.133295312499998708e+00, 7.847991041666669831e-01
7.250385125000000208e+00, -1.003663770833334246e+00
5.431836541666666740e+00, 6.383365416666667569e-01
5.953976145833332900e+00, 2.410616666666657790e-02
7.181208297916665373e+00, -9.534226250000003011e-01
8.219427500000000109e+00, -2.103450520833332060e+00
8.316706041666666493e+00, -2.215659791666666933e+00
7.909319687500000917e+00, -1.929532479166667036e+00
7.671029333333330591e+00, -1.778749458333333644e+00
7.770332583333334320e+00, -1.653853874999999363e+00
9.621066708333332329e+00, -3.342639062500000424e+00
7.910314564583334374e+00, -1.355596824999999894e+00
8.995291770833334866e+00, -2.220456541666667061e+00
8.325815000000002186e+00, -1.780043562499999510e+00
8.049833791666666016e+00, -1.793763020833334165e+00
5.286595208333332963e+00, 5.656860208333330808e-01
8.315235727083335249e+00, -1.982182500000000624e+00
8.364880685416666850e+00, -2.505685791666665718e+00
8.355473339583333825e+00, -2.257026687500000239e+00
9.131203464583334650e+00, -2.529179104166667802e+00
8.100765391666666204e+00, -1.435329437500000083e+00
7.608699422916667565e+00, -1.634387208333333286e+00
8.789876039583331746e+00, -2.872413749999999322e+00
4.923386912083333122e+00, -1.882573541666666683e-01
7.783257585416666124e+00, -3.292923583333334125e+00
7.769418241666667058e+00, -3.410110770833333138e+00
7.339901145833333196e+00, -2.912880016666667515e+00
6.889609895833334718e+00, -2.485178666666667091e+00
5.331546041666666902e+00, -1.297226012499999914e+00
5.351413958333334442e+00, -1.355711145833333298e+00
6.401015208333333817e+00, -2.558232524999999757e+00
6.646931729166669633e+00, -2.862540479166665985e+00
5.581716458333332298e+00, -2.352986395833333244e+00
9.592547499999999339e-01, 1.936601485416666657e+00
7.116692020833332855e-01, 1.953508435416666522e+00
2.654908518750000113e+00, 7.546920833333316259e-02
6.371116252083335318e+00, -3.453867083333335142e+00
6.317426452083330979e+00, -2.799672729166667651e+00
6.287917124999999885e+00, -2.468449104166666519e+00
6.217039124999998556e+00, -2.342798958333334181e+00
6.746804348958334252e+00, -2.781243083333333033e+00
5.308364395833333305e+00, -1.064010916666666917e+00
6.502317458333330968e+00, -2.295526624999999932e+00
6.437377418750000579e+00, -2.289102475000001302e+00
6.522316475000000224e+00, -2.019314166666667631e+00
6.963919354166667297e+00, -2.275745812499999854e+00
1.892353560416666802e+00, 1.280354114583332814e+00
1.903425875000000156e+00, 6.710546937500000420e-01
1.706084022916666276e+00, 8.461082499999998952e-01
2.425186247916666815e+00, -1.572353333333334768e-01
3.084525687500001112e+00, -7.633513958333332239e-01
4.411168166666665336e+00, -1.844375833333333325e+00
5.988237724999998512e+00, -2.892445395833334043e+00
4.439074230208333027e+00, -8.733273750000000168e-01
3.960816749999999331e+00, -1.733074374999998835e-01
4.073403691666665161e+00, -6.185235416666667874e-01
1.139108043750000077e+00, 7.735635791666667371e-01
1.169774062499999934e+00, 9.569185833333332392e-01
5.468993491666666706e+00, -3.215094395833333341e+00
5.172459568749999903e+00, -2.769198145833331903e+00
5.053968999999999490e+00, -2.778881729166667203e+00
5.033079708333334068e+00, -2.798427666666665203e+00
4.992950145833334297e+00, -2.822857374999999447e+00
4.200065152083333864e+00, -1.998180729166667113e+00
4.907784735416666599e+00, -2.458605395833333596e+00
4.903771243229166465e+00, -2.641693520833332531e+00
4.363523922916665576e+00, -2.056851020833334154e+00
4.229342291666666753e+00, -1.930261874999999350e+00
4.134130312499999960e+00, -1.739415333333334202e+00
3.928129666666667408e+00, -1.562758791666666758e+00
3.660111074999999214e+00, -1.152703462499999887e+00
3.909525262500000764e+00, -1.403536020833333176e+00
3.453401015000000296e+00, -1.044149724999999806e+00
3.589936684791666277e+00, -1.238760833333332867e+00
3.482164041666665710e+00, -1.071818750000000042e+00
3.644450033749999651e+00, -1.222215983333333478e+00
3.199566923958333309e+00, -7.366109375000000625e-01
3.398313458333333426e+00, -1.018932249999999984e+00
4.210073874999999965e+00, -2.077956479166666259e+00
2.944632564583333334e+00, -4.174389791666663907e-01
3.710470079166666491e+00, -8.577416041666667823e-01
2.970763468749999969e+00, 2.959183750000000668e-01
1.228893477083333297e+00, 7.474832291666669848e-01
8.830321500000001267e-01, 5.190501833333333037e-01
5.162681000000000076e-01, 1.038015383333333430e+00
2.199800556250000039e+00, -7.133376208333331858e-01
4.154348379166665772e+00, -2.535169479166666573e+00
3.508050875000000346e+00, -1.720030166666666416e+00
4.002845410416666638e+00, -1.657591333333333417e+00
4.358107680833334108e+00, -1.797959041666666868e+00
4.070015174999999097e+00, -1.733658250000000400e+00
4.042830612499998644e+00, -1.634124729166666512e+00
2.809068893750000573e+00, -4.215897499999999298e-01
3.399432499999999635e+00, -7.591450833333336368e-01
1.208773770833333927e+00, 1.101879120833332948e+00
1.580088781250000407e+00, 4.817650416666665603e-01
3.981054270833332520e+00, -2.146570562499999557e+00
5.045106583333332395e+00, -3.085694166666665961e+00
4.151645187499998890e+00, -1.755413687499999709e+00
4.200682272916666626e+00, -1.856830849999999700e+00
2.815916862500000395e+00, -7.903804583333333689e-01
1.619305658333333398e+00, 1.364816235416666246e-01
1.262924575000000216e+00, 2.670148125000000316e-01
2.231922250000000219e+00, -8.551964583333334646e-01
3.362950236041664098e+00, -2.138433916666666601e+00
3.465824624999999326e+00, -2.038771541666666742e+00
3.896056133333333005e+00, -2.413741187500000329e+00
4.027659008333333013e+00, -2.289961354166666574e+00
4.340152927083333445e+00, -2.351385520833334297e+00
4.068879022916667587e+00, -1.997380958333333512e+00
1.203952852083333136e+00, 2.851305333333332137e-01
5.508992291666666707e-01, 6.954976604166668297e-01
1.290553737500000020e+00, -1.783272083333339864e-02
1.415426236458333653e+00, -2.093393958333334137e-01
1.169185012500000065e+00, 9.461500000000061875e-03
1.030955833333333294e+00, 2.204448685416666720e-01
3.265776854166667409e+00, -1.954774333333333614e+00
2.939812270833332963e+00, -1.647205645833333065e+00
2.743335489583332620e+00, -1.440443729166666076e+00
2.851017985416666622e+00, -1.560924395833333422e+00
2.625411935416666065e+00, -1.266660520833333470e+00
2.590979975000000213e+00, -1.135361124999999749e+00
2.232911966666667247e+00, -6.803591458333332342e-01
2.746386312500000315e+00, -1.232652625000000501e+00
2.044837708333333115e+00, -7.944774791666664449e-01
1.802427831249999501e+00, -4.590108749999997073e-01
2.735359335416667204e+00, -1.211945312500000371e+00
2.755599777083333368e+00, -1.055528604166666495e+00
2.935260098541667251e+00, -1.113017020833333204e+00
2.311466624999999997e+00, -6.346414375000002384e-01
3.267179227083334414e+00, -1.948934208333333418e+00
2.423169858333333426e+00, -1.021876833333333456e+00
3.024394729166666185e+00, -1.311654375000000483e+00
3.393323895833333381e+00, -1.382729020833332934e+00
3.112815499999998625e+00, -9.066692083333333096e-01
3.403521589583332840e+00, -1.502749624999999645e+00
1.877705602083332925e+00, -4.687887749999997689e-01
1.879984581250000453e+00, -7.766468749999999588e-01
2.118035749999999329e+00, -8.927211854166667848e-01
3.067771556249999421e+00, -1.863164041666666826e+00
3.106847452083334016e+00, -1.704462750000000026e+00
2.365709895833334020e+00, -7.677651250000002703e-01
3.428123954166666376e+00, -1.808610479166667284e+00
1.651034312499999546e+00, -1.602230208333332850e-01
1.712174772916666532e+00, -1.922566624999999252e-01
1.495383458333332749e+00, 5.286548958333334852e-02
8.341497291666667424e-01, 5.832780333333333900e-01
1.599876958333332988e+00, 2.155874999999855823e-03
2.673907827083333189e+00, -1.317922625000000236e+00
3.481685750000000468e+00, -2.034331979166666304e+00
1.071662720833333138e+00, 3.958289166666664749e-01
1.143819437500000147e+00, 1.708697291666666229e-01
1.869264283333333720e+00, -6.185320416666665322e-01
3.908487437499998940e-01, 8.303473541666667179e-01
1.889038009791667028e+00, -6.320035833333331743e-01
1.186988577291666402e+00, 1.941978000000000593e-01
2.432686102083333246e+00, -1.152937625000000077e+00
1.805462854166666631e+00, -4.988176250000002088e-01
1.619978477083333201e+00, -2.998442500000002009e-01
2.429359662500000905e+00, -1.009738750000000129e+00
1.858257725000000304e+00, -5.413124583333333018e-01
8.715100885416667831e-01, 3.884528333333334693e-01
2.422130397916667288e+00, -1.107234375000000215e+00
1.849884937499999715e+00, -6.014965833333331124e-01
1.077872479166666730e+00, 2.541961249999999950e-01
2.490084852083333189e+00, -9.458420833333334166e-01
2.568355268749999976e+00, -8.607260416666665526e-01
1.947535937499999648e+00, -2.875691562500000686e-01
4.427890677083333171e-01, 1.021083187500000156e+00
7.402813958333333000e-01, 7.684479958333336747e-01
3.812090208333333563e-01, 9.500490104166665617e-01
2.614761752083333946e+00, -1.251286499999999968e+00
3.251928010416667458e+00, -1.844380395833333575e+00
5.662076249999999922e-01, 7.016488114583331326e-01
1.248174687499999935e+00, 7.549585625000010403e-02
2.594084706250000316e+00, -1.172246958333333255e+00
3.832574187500000118e+00, -2.293640083333333468e+00
3.504376837500000619e+00, -1.884529499999999302e+00
3.621070833333333905e+00, -1.857433666666666872e+00
3.458543748333334111e+00, -1.770086041666666832e+00
3.443672420833333359e+00, -1.637055416666665986e+00
3.487690921458333815e+00, -1.573774583333333643e+00
3.779884541666666653e+00, -1.701706355416666483e+00
3.715596541666666308e+00, -1.720186343749999347e+00
1.300875014999999912e+00, 3.358555083333333857e-01
3.175700645833333002e+00, -1.501291204166666837e+00
3.394633054166666941e+00, -1.595860833333333062e+00
2.560715541666666706e+00, -4.542566666666627423e-02
3.865900508333334873e+00, -2.059481979166666310e+00
4.567935743749999666e+00, -2.798603854166666238e+00
1.080737124999999965e+00, 7.074862291666664804e-01
2.997119749999999971e+00, -9.956046041666662960e-01
4.692836616666666849e+00, -2.589280708333332459e+00
5.178224227083333631e+00, -2.757325854166666090e+00
2.932150243749998442e+00, -1.298177083333339719e-02
3.563179647916667303e+00, -1.013321164583333767e+00
5.264098333333332436e-01, 1.345389749999999829e+00
2.434845833333333376e-01, 1.700990895833333072e+00
4.451258945833333591e+00, -2.555799812499999657e+00
5.377754395833332701e+00, -3.358418541666667423e+00
4.747791822916665794e+00, -2.551084500000000865e+00
4.566848281250000419e+00, -2.272886658333332921e+00
4.710265187500000117e+00, -2.673028479166665416e+00
5.353892329166665576e+00, -3.248222875000001064e+00
5.075462066666665883e+00, -2.708305624999999495e+00
3.872845758333332444e+00, -1.130894812500000457e+00
4.664668854166667877e+00, -1.855645770833333374e+00
1.614625983333333403e+00, 5.003457708333332032e-01
2.958281249999998863e+00, -1.063010259916666422e+00
4.115991629166667387e+00, -2.026451464583332918e+00
5.624677666666666020e+00, -3.577241833333333343e+00
1.303535931249999669e+00, 1.025831277083333548e+00
2.994132148333333632e+00, -7.985232291666665150e-01
1.776448997916666883e+00, -1.669059583333332153e-01
1.624313189583333594e+00, 1.186604166666659944e-02
1.375461776458333452e+00, 4.327760625000000583e-01
1.666718173958333216e+00, 2.414821895833332566e-01
2.645206164999999832e+00, -4.189290208333331100e-01
1.641681333333334214e+00, 4.728441270833333987e-01
9.202124166666668659e-01, 1.401158897916666923e+00
1.421441145833333586e+00, 9.994787083333328548e-01
2.401890437500000086e+00, 2.202115000000000322e-01
4.047212952083333093e+00, -1.166613937499999976e+00
6.771957520833331579e+00, -3.633289854166667610e+00
3.031513124999998698e+00, 1.153027083333332814e-01
6.937161614583334135e+00, -3.667871041666665999e+00
6.792813916666666785e-01, 2.345078604166666469e+00
3.800165795833333693e+00, -7.579709999999995063e-01
6.616775719375001863e+00, -3.627637458333333953e+00
5.537650052708333881e+00, -2.399480385416666639e+00
6.205749424374999990e+00, -3.664589791666666319e+00
5.534828291666666900e+00, -2.728810750000000507e+00
4.118129645833334074e+00, -7.327326875000003126e-01
3.943646041666666324e-01, 2.298259854166666560e+00
4.656610589583334736e+00, -2.412806624999999983e+00
6.058231239583332872e+00, -3.312502062500000122e+00
4.687975841666666810e+00, -1.454570062499999983e+00
5.075096868749998436e+00, -9.813448541666667246e-01
5.579167168229169249e+00, -1.473098750000000345e+00
2.513915375000000285e+00, 1.894868854166666727e+00
3.880068139583333409e+00, 2.788428541666663762e-01
3.592736479166665386e+00, 3.131989791666669465e-01
4.700794229166667115e+00, -6.475014583333332796e-01
3.425256424999999272e+00, 1.197625520833333068e+00
7.075459958333333965e+00, -2.827084043749998887e+00
6.156862374999999332e+00, -1.711322374999999951e+00
6.195753687500000773e+00, -1.791789041666667304e+00
6.186191562499999463e+00, -1.548411104166666385e+00
5.750420020833335144e+00, -1.374114687500000320e+00
4.679646177083333747e+00, -2.021581249999991059e-01
4.069922916666666168e-01, 3.556710187500002451e+00
4.042430466666666611e+00, -3.361591958333338126e-01
1.436128720833333539e+00, 2.628183333333334204e+00
6.157364604166667199e+00, -2.368903875000000436e+00
7.353857947916666582e+00, -3.375228062499999293e+00
5.314853666666667031e+00, -1.111034312499999954e+00
4.062429566666666325e+00, -1.589477916666667545e-01
3.401050689583332343e+00, 4.735868333333334568e-01
7.140382875000000240e+00, -2.860983958333333188e+00
5.341980066250001435e+00, -7.784552083333332595e-01
1.371556208333333693e+00, 2.406998437499999977e+00
7.166282020833332211e+00, -3.167267083333332511e+00
5.851551993750000236e+00, -1.698946354166666950e+00
4.424586145833333539e+00, -3.196801666666663766e-01
7.077048333333332941e+00, -2.692265108333332879e+00
8.226949250000002323e+00, -3.157544916666668033e+00
8.309201250000000982e+00, -2.659050052083332893e+00
7.353163141666666291e+00, -1.193008083333332747e+00
5.389583483333333369e+00, 5.818419166666667364e-01
6.384716417083333262e+00, -1.343878347916667826e+00
7.419091458333332945e+00, -2.053545249999999989e+00
6.529991250000001024e+00, -1.176460310416667099e+00
5.446999583333333561e+00, -1.081046143750000077e+00
1.022727116666666802e+01, -5.710884604166666101e+00
9.026529562500000381e+00, -4.374749591666664550e+00
8.372428958333333782e+00, -4.066584041666665428e+00
8.812303916666667902e+00, -4.026690118750002156e+00
8.644956583333334166e+00, -3.509160687499999209e+00
8.246899868750000806e+00, -2.871741229166667519e+00
8.807477935416665460e+00, -3.362795670833332196e+00
8.367310414583334577e+00, -2.645772958333334035e+00
8.490834541666666624e+00, -2.527779124999998572e+00
8.360099577083333955e+00, -1.787724374999999810e+00
8.606440510416666356e+00, -2.235559491666667675e+00
7.150435077083330704e+00, -7.105321458333326845e-01
8.247252883958333669e+00, -2.119692666666667336e+00
7.469977491666665692e+00, -1.939954583333333815e+00
4.689763937499999535e+00, -2.929897708333336626e-01
5.244492083333333277e+00, -1.139215624999999399e+00
8.012869729166665067e+00, -4.041366458333332190e+00
1.010846687500000307e+01, -5.977309541666667947e+00
8.759564179166668296e+00, -4.855462291666667873e+00
3.937812479166666435e+00, -6.164920625000002152e-01
5.129677312499999253e+00, -2.114571152083334127e+00
7.998555520833335208e+00, -4.552833395833334684e+00
9.058046312500000141e+00, -4.759302916666665162e+00
9.238913229166666241e+00, -4.624217625000000886e+00
9.534537562499997065e+00, -4.515709999999998558e+00
8.836062499999998820e+00, -3.260308375000000591e+00
9.261823333333333963e+00, -3.398042666666668321e+00
7.265638854166669880e+00, -1.155689791666666633e+00
9.268551630625001536e+00, -2.778347749999999561e+00
6.978378729166664129e+00, 3.645250000000014451e-02
4.374780208333334031e+00, 1.272712604166666539e+00
8.834425645833334784e+00, -3.054062308333332698e+00
8.777969289583333889e+00, -2.947238750000000351e+00
4.924863479166666558e+00, 5.158055833333333728e-01
8.103236170833332253e+00, -3.157543624999999299e+00
5.779787208333332593e+00, -9.257346041666658643e-01
1.949968000000000146e+00, 2.807887458333333530e+00
7.149792960416667675e+00, -2.149356708333333810e+00
8.199568062499997367e+00, -3.030798020833332718e+00
6.771278958333333264e+00, -1.415627874999999314e+00
8.063799416666666886e+00, -2.594261666666667132e+00
8.417502145833333671e+00, -3.338830208333332550e+00
7.727039245833331904e+00, -2.679043491666666554e+00
7.626155645833335939e+00, -2.530322583333332709e+00
7.509330687499999435e+00, -2.244720624999998915e+00
8.092966687499997036e+00, -2.676105812499999015e+00
8.615069799999998779e+00, -3.179228666666667369e+00
8.189740289583332000e+00, -2.770606666666666218e+00
8.519164045833329979e+00, -2.772274437499998356e+00
6.253626729166666287e+00, -6.372622083333341347e-01
5.435872225000000668e+00, -1.153013125000004607e-01
6.541432485416668108e+00, -1.223703208333333903e+00
9.077777195833331092e+00, -3.593508020833333205e+00
6.575162527083334929e+00, -1.201626250000000562e+00
9.035176893750000104e+00, -3.225691187499999391e+00
7.812313458333334459e+00, -1.971177749999999174e+00
6.250492937499999790e+00, -7.828818958333340072e-01
8.177702500000000541e+00, -2.992992535416666655e+00
8.075807125000002529e+00, -3.049661041666666517e+00
8.070941583333331337e+00, -2.597638749999999774e+00
7.091146214583331719e+00, -1.882339583333333621e+00
8.264018489583333960e+00, -3.387241437500002395e+00
8.027749124999997932e+00, -3.037148708333332170e+00
7.555603045833336751e+00, -2.254666791666668058e+00
7.474257541666667670e+00, -2.387050520833333689e+00
8.060401664583332959e+00, -2.632817583333333378e+00
7.561431770833334731e+00, -1.924814666666666563e+00
7.474483166666665568e+00, -1.815360791666666529e+00
8.290437375000001552e+00, -2.139522416666667315e+00
7.503402312499999560e+00, -1.169967229166666511e+00
9.066638479166668318e+00, -2.518791270833333318e+00
7.793573250000001451e+00, -1.474330833333333368e+00
8.827059687500002028e+00, -2.314761104166667138e+00
8.954476870833333990e+00, -2.942320062499999000e+00
7.643664104166664863e+00, -1.834776041666666968e+00
8.385063645833332302e+00, -2.471091708333334580e+00
8.091970585416662587e+00, -2.325018145833333438e+00
8.739873562499999693e+00, -2.921609166666665924e+00
8.463742749999999759e+00, -2.711726854166666367e+00
8.152843152083333322e+00, -3.205088572916665157e+00
8.618833644374994662e+00, -3.791521764583331677e+00
7.044902687500001370e+00, -1.605486104166667261e+00
7.607851266666664891e+00, -2.066611229166667396e+00
7.695721410416667574e+00, -1.848523937499998882e+00
6.716168212500001289e+00, -6.918830624999999790e-01
6.913385062499998845e+00, -9.919995833333331570e-01
8.666502489583335134e+00, -2.553918749999999793e+00
8.782210374999998237e+00, -2.879032500000000550e+00
7.220991010416667244e+00, -6.050110833333330884e-01
3.934082750000000406e+00, 2.414956458333334943e+00
8.709708416666670061e+00, -2.568247812499998783e+00
8.299395470833330180e+00, -2.065706108333332125e+00
8.155887247916668414e+00, -2.314860624999999228e+00
8.164626652083333269e+00, -2.762496458333333127e+00
7.106737891666665696e+00, -1.771381852083333319e+00
9.951026499999999331e+00, -4.518239791666668559e+00
8.784943718125001411e+00, -3.006958541666664875e+00
7.454434052083333206e+00, -1.470427874999999496e+00
8.483050691666665699e+00, -2.477774604166666617e+00
6.666286458333332554e+00, -4.581534583333333743e-01
1.044340868750000162e+01, -3.741813541666667575e+00
4.626415937499999131e+00, 2.094286875000000325e+00
9.765963750000004495e+00, -3.337711810416665426e+00
9.376599729166667174e+00, -2.614153958333332639e+00
9.092743854166664974e+00, -2.766837916666666786e+00
8.725639610416664027e+00, -2.595038124999999862e+00
9.217092708333334272e+00, -2.687238999999999489e+00
6.506037937500000368e+00, -6.786531458333331379e-01
8.678102999999998346e+00, -2.874451604166666119e+00
9.322019916666663519e+00, -3.848638208333334365e+00
9.209509645833334091e+00, -3.873413750000000544e+00
8.854035389583332361e+00, -3.695494187499999139e+00
7.400532458333334063e+00, -2.496418541666667767e+00
5.650870810416667389e+00, -1.316438187499999968e+00
4.263450729166666342e+00, -2.946129604166666804e-01
4.573189916666667187e+00, -9.575349597916668065e-01
4.531045020833333936e+00, -6.589008875000000875e-01
6.901377447916665631e+00, -2.805947374999999244e+00
9.456127354166666166e+00, -5.318911226249997348e+00
9.158883587500001866e+00, -4.784744472916666602e+00
9.250717520833335428e+00, -4.411056289583333623e+00
9.500939374999997966e+00, -4.041406208333333971e+00
9.092457999999998819e+00, -3.050898062499998176e+00
8.128575833333334444e+00, -1.177619770833332247e+00
8.670137020833335484e+00, -2.022665479166665836e+00
8.005663541666665495e+00, -1.215012916666666554e+00
8.002925916666665529e+00, -1.560095437499999127e+00
5.719820770833334400e+00, -3.552386041666666383e-01
9.015658437500000844e+00, -4.036888374999999307e+00
9.267550804166669209e+00, -4.542890687500000801e+00
8.820703039583330352e+00, -4.177243624999999128e+00
8.277588100000000892e+00, -3.756162479166667012e+00
7.782827270833332811e+00, -3.318162687500000985e+00
5.593554312500000236e+00, -1.115536104166667597e+00
6.781407500000000255e+00, -2.354888437500000098e+00
8.250374489583331084e+00, -4.081347083333333181e+00
6.804261125000000021e+00, -2.314350995833334146e+00
1.683255518749999569e+00, 2.222013812500000629e+00
7.078505454166665878e+00, -3.719107333333332210e+00
6.934065664166666920e+00, -3.595555854166666787e+00
6.982594687500000674e+00, -3.512373208333333441e+00
6.654542504791666424e+00, -3.181737124999998390e+00
5.884442470833332273e+00, -2.392185791666666894e+00
5.972953558333334634e+00, -2.424510041666665394e+00
6.473671035416665553e+00, -3.024340416666666531e+00
6.161969743749999395e+00, -2.793926666666665781e+00
5.728089083333333775e+00, -2.496207458333334461e+00
4.982191981250000623e+00, -1.630141687500000769e+00
6.549569891666664923e+00, -3.393554020833335017e+00
5.975003091666665433e+00, -2.849525687499999904e+00
5.651200231249998041e+00, -2.479434270833333454e+00
5.006574878750000401e+00, -1.935175252083332964e+00
5.429854689583334171e+00, -2.393644395833332883e+00
5.403573962500001215e+00, -2.249679624999999739e+00
6.177045129166668147e+00, -2.924967437499999434e+00
5.069589883333333269e+00, -2.012129520833332297e+00
5.738762181250000260e+00, -2.670015687499998958e+00
5.483875702083333969e+00, -2.418814854166667860e+00
5.682254510416666626e+00, -2.703381229166666344e+00
5.155804422916666852e+00, -2.233737062499999482e+00
5.257635739583333745e+00, -2.316196666666666459e+00
3.812510687499999662e+00, -9.032143125000003936e-01
4.697088999999999182e+00, -1.712087937500000656e+00
5.604041729166666208e+00, -2.606455708333333732e+00
5.515807741666667319e+00, -2.582391716666666337e+00
5.369075374999998651e+00, -2.380442125000002296e+00
5.234484583333332886e+00, -2.234886877083333445e+00
4.243026972916665862e+00, -1.244512739583333749e+00
3.725498068749999447e+00, -6.635089583333333429e-01
4.719779833333332952e+00, -1.993657250000000269e+00
4.790348625000000027e+00, -2.082298416666666707e+00
4.451151958333332992e+00, -1.721178166666666343e+00
2.718333875000000344e+00, 1.028161250000031446e-02
3.462173483333333746e+00, -9.156428145833331866e-01
3.935419375000000830e+00, -1.204760718750000015e+00
4.580464604166667009e+00, -1.692993999999999888e+00
1.452823464583333113e+00, 1.591314083333333018e+00
1.782237337916667164e+00, 1.070517243750000347e+00
8.939993020833335580e-01, 2.062433666666666721e+00
1.201773501041666803e+00, 1.700789020833332943e+00
3.483022464583332312e+00, -1.741300208333333988e-01
6.716154166666665759e-01, 2.140892958333333151e+00
1.633922499999999722e+00, 1.038551916666666575e+00
3.544392833333333215e+00, -8.075160416666670171e-01
4.429149270833333318e+00, -1.751698375000000363e+00
4.843735895833334304e+00, -2.361932020833333201e+00
4.361467774999999492e+00, -1.938560833333333733e+00
4.678276546458332241e+00, -2.281248749999999603e+00
4.475501660416667526e+00, -1.948650162500000782e+00
4.364300597916666469e+00, -1.941232874999999192e+00
4.377792447916666774e+00, -1.932394039583334111e+00
3.583434477083333736e+00, -9.494121041666668814e-01
1.065100102083333278e+00, 1.398796627083332966e+00
2.020590333333332822e+00, -5.773379166666675610e-02
3.993153527083332488e+00, -1.973235395833333294e+00
5.094744312500000483e+00, -2.569155291666667562e+00
4.537796583333332912e+00, -1.727805166666666503e+00
3.713589354166666912e+00, -6.509364791666665262e-01
4.269107906250000362e+00, -1.124404375000000567e+00
4.406298908333332598e+00, -1.096662625000000002e+00
4.385375150000000666e+00, -8.541627083333326320e-01
3.371196770833333023e+00, 3.144423749999998852e-01
4.854359104166667827e+00, -1.952390270833333608e+00
4.012795533333332720e+00, -1.248853624999999523e+00
3.831365249999999278e+00, -1.367026874999999420e+00
3.653230604166666229e+00, -1.195653104166666703e+00
3.369470352083332898e+00, -9.400580208333327858e-01
3.308159399999999639e+00, -1.033963541666666819e+00
3.414876535416667025e+00, -1.074964520833332937e+00
3.841978479166668237e+00, -1.441466249999999727e+00
3.807198749999999965e+00, -1.577348937499999826e+00
3.593669277083334723e+00, -1.258807829583333149e+00
4.200972054166665970e+00, -1.835073541666666586e+00
3.474897456249999905e+00, -1.040492562500000107e+00
2.825839606250000191e+00, -4.974453333333330729e-01
1.045593395833333439e+00, 1.474206791666667016e+00
1.728117874999999914e+00, 5.665882833333335533e-01
1.622485708333332832e+00, 4.987069895833333155e-01
3.950644083333334056e+00, -1.602377666666666478e+00
3.673881375000000560e+00, -9.864775833333333521e-01
2.333120999999999778e+00, -9.093941666666672807e-01
2.074388104166666746e+00, -7.992130208333328989e-01
1.666116541666666784e+00, -4.788507500000000472e-01
1.660421583333333118e+00, -5.680752499999995875e-01
1.275749145833333653e+00, -3.072297708333334709e-01
1.057714020833333546e+00, -2.930545874999997968e-01
7.950168833333335350e-01, -9.794828125000004659e-02
4.703966124999998666e-01, 1.088002541666667072e-01
9.132845005208332090e-01, -4.603526041666670260e-02
1.987149081249999449e+00, -9.676070458333333457e-01
9.744755687499996322e-01, 4.949706249999996643e-02
1.007580218750000034e+00, 1.273766874999999466e-01
8.988672645833329922e-01, 1.877191583333333025e-01
1.838647400000001042e+00, -8.405285208333336255e-01
7.224388437500001148e-01, 3.013265833333333421e-01
6.726203041666667382e-01, 4.868510624999999870e-01
3.225437166666666466e-01, 6.211417812500000801e-01
1.047855173333333667e+00, -3.785662499999997710e-02
3.632464329166666950e-01, 6.067019166666667296e-01
4.801007348958331034e-01, 4.468963562499999598e-01
6.964207895833331996e-01, 2.012667583333332955e-01
9.910605302083336232e-01, 8.372520833333377613e-03
2.047630304166666804e+00, -9.727556041666670650e-01
1.457641537500000473e+00, -4.707187083333332911e-01
1.758257083333333304e+00, -6.169803083333333937e-01
1.032397175624999663e+00, 2.543378333333333186e-01
4.592946031249999783e-01, 7.638629291666667598e-01
5.519245854166664467e-01, 5.554935510416666444e-01
9.761794541666667380e-01, 8.729399166666662602e-02
1.109731770833333186e+00, -2.455008124999998390e-02
2.552294927083333498e+00, -1.155387291666666760e+00
1.779231087500000363e+00, -1.092247629166667039e-01
9.145133437500000406e-01, 5.146813895833334263e-01
1.545163500000000134e+00, -2.769046249999999598e-01
1.113826333333333363e+00, 5.861557020833326609e-02
1.788816262500000143e+00, -6.478820833333333029e-01
1.214721645833333419e+00, -7.093310416666660789e-02
1.196877566666666448e+00, -2.321662270833332320e-01
2.052115152083333616e+00, -1.218234578999999540e+00
2.129137262500000016e+00, -1.195610447916666264e+00
1.104317489583333423e+00, -4.262600208333333640e-01
1.332390229166666495e+00, -8.180576395833337733e-01
1.745532145833332827e+00, -1.155727421458333293e+00
8.301759583333332415e-01, -2.149911854166665359e-01
7.134607291666666962e-01, -4.442120833333372716e-03
6.335704166666666914e-01, -2.667544791666660517e-02
1.113663333333333449e+00, -7.660182437500000496e-01
1.319450083333333135e+00, -1.018967339583332965e+00
1.104221918749999753e+00, -8.400258249999997817e-01
1.216144958333333248e+00, -8.895735895833332130e-01
1.273293739583333251e+00, -6.611730083333332564e-01
6.980258833333334856e-01, -1.538568750000010414e-02
9.295042562499998828e-01, 2.134312499999997670e-02
1.277338168750000058e+00, -1.681381250000002214e-01
7.908603333333331653e-01, 6.827379166666670829e-02
1.010737979166667078e+00, -1.923584583333332876e-01
9.728384083333332377e-01, -8.279440208333332940e-02
1.643234604166666557e+00, -7.064944749999996221e-01
2.056817216666666059e+00, -1.093641249999999898e+00
1.777655166666666453e+00, -7.327552500000001912e-01
3.276007208333334475e+00, -1.889209229166666448e+00
1.999602312499999757e+00, -5.011437499999993328e-02
3.168590133333333281e+00, -1.167659666666666540e+00
1.657446562500000331e+00, 2.146984166666666971e-01
1.423812416666666580e+00, -1.937789722916666013e-01
1.557636458333332641e+00, -4.855767270833332705e-01
3.710142521458333675e+00, -2.458426250000000035e+00
2.133739416666666333e+00, -1.048868778124999901e+00
1.853435979166666803e+00, -7.292057083333333134e-01
3.228872708333332842e+00, -1.891256604166666078e+00
3.967981495833333483e+00, -2.525329458333333665e+00
3.586152312499999439e+00, -2.186519895833333837e+00
3.515381166666666335e+00, -1.931214166666666676e+00
3.086451999999999085e+00, -1.195516708333333122e+00
3.249585507708333321e+00, -1.029338229166666618e+00
2.472087999999999841e+00, 1.862206250000002783e-01
2.237649343750000686e+00, 6.838483206250000057e-01
1.632521768749999991e+00, 9.078273958333329396e-01
7.665718750000000137e-02, 1.660332627083332513e+00
2.528792270833333244e+00, -1.259230041666667077e+00
2.198006770833333068e+00, -7.032663124999997128e-01
3.077067802083332637e+00, -1.643566645833333340e+00
2.412109597916666459e+00, -5.739982729166664965e-01
1.936196375000000414e+00, -9.516835416666669101e-02
3.336706164583331802e+00, -1.890906679166666438e+00
4.145909583333333259e+00, -2.537264885416667948e+00
3.550648104166667096e+00, -2.130984116666666761e+00
3.770590625000000529e+00, -1.811302166666665991e+00
1.959568579166666602e+00, 1.538542750000000958e-01
4.166899437500000580e+00, -2.656311418749998321e+00
5.167450033333333970e+00, -3.384849864375000461e+00
4.346378541666665818e+00, -2.602290006250000065e+00
3.367026583333332823e+00, -1.475605877083332018e+00
2.564120208333333650e+00, -4.617345833333332261e-01
4.836041979166665783e+00, -2.271539979166667056e+00
2.207401297500000137e+00, 3.147657708333335136e-01
1.604720437500000152e+00, 5.309368708333332965e-01
3.714767871874999461e+00, -1.539273437499999675e+00
1.176960183333333410e+00, 1.069369047916667315e+00
4.979702983333331723e+00, -2.479280312499999361e+00
4.654384562500000655e+00, -1.955251937500000148e+00
4.827882316666666007e+00, -2.196532791666667261e+00
2.371943000000000357e+00, 5.690842604166667096e-01
3.614879979166666590e+00, -6.504835416666666648e-01
4.417087418749999550e+00, -1.214884124999999981e+00
4.135576212500001070e+00, -3.797440833333333710e-01
2.530152583333333371e+00, 8.570754166666664231e-01
2.331776529166667000e+00, 2.941173124999997834e-01
6.696836416666666070e-01, 1.836662895833333309e+00
3.327551849999999423e+00, -7.451500416666667626e-01
5.540511020833334577e+00, -2.670398541666667125e+00
5.569713541666666323e+00, -2.576168249999999826e+00
5.896684354166667141e+00, -2.849198874999999465e+00
3.049234208333333473e+00, -5.942876958333335180e-01
3.666405693749999362e+00, -1.060754066666666828e+00
5.841196541666664466e+00, -2.841107677083332561e+00
2.777574341666666502e+00, 3.980936041666665592e-01
6.373073925000000806e+00, -3.266043666666665235e+00
6.424728520833334677e+00, -2.797264477083333034e+00
4.784702270833334659e+00, -9.719991250000007410e-01
2.804403760416666724e+00, 3.480676708333334535e-01
5.652371749999999473e+00, -2.202037729166665958e+00
6.137245593749999450e+00, -2.546753583333333459e+00
5.187496999999999581e+00, -1.237201145833333849e+00
6.944208541041664517e+00, -2.812998828749998736e+00
6.144965249999999379e+00, -1.583919375000000018e+00
6.993257624999999145e+00, -1.986226833333333275e+00
6.738025141666667217e+00, -1.534896083333333827e+00
5.824117840208333341e+00, -1.255245520833333295e+00
4.971848652083332709e+00, -7.393885208333332848e-01
5.841091297916666036e+00, -1.323746916666666218e+00
6.744899700000001275e+00, -2.082076812499999985e+00
3.156412322916665847e+00, 9.751577708333334371e-01
6.248709864583333662e+00, -2.236177916666666210e+00
6.996670249999998425e+00, -2.577316312499999817e+00
2.378897968749999592e+00, 1.713443354166666488e+00
1.422379368749999928e+00, 2.736966495833333735e+00
6.305996541666668342e+00, -1.612698749999999848e+00
6.427530979166667713e+00, -1.759704833333333163e+00
5.474941591666667939e+00, -8.331795416666661902e-01
7.800323833333336232e+00, -2.614316854166665927e+00
7.033780456250002366e+00, -2.054525770833333542e+00
6.452383979166665284e+00, -1.627180687500000777e+00
7.449154437499998949e+00, -1.992097458333333293e+00
6.924336479166666614e+00, -1.873618812500000175e+00
4.816180366666666934e+00, -5.522941458333331388e-01
5.533290208333332849e+00, -1.449729499999999005e+00
4.774879666666666189e+00, -4.465360145833334182e-01
7.430359683333331411e+00, -2.582856041666665714e+00
4.310930914583333440e+00, 2.157702083333333520e-01
3.859403324999999274e+00, 7.882572916666669149e-01
2.473293645833333887e+00, 1.625409316666666548e+00
7.082954124999999657e+00, -2.721409020833333248e+00
3.081932289583332985e+00, 1.240717758333333087e+00
3.433745260416666500e+00, 1.056647437499999898e+00
7.146244120833334712e+00, -2.164217645833333759e+00
8.366438041666667047e+00, -3.271892958333333823e+00
8.622336056250000880e+00, -3.667321729166666433e+00
4.602893491666666392e+00, -1.076071249999998453e-01
3.652375962499998963e+00, 7.766086041666668827e-01
7.650202291666666099e+00, -2.947085500000001357e+00
8.333663250000000744e+00, -3.385885104166665993e+00
7.807280583333333190e+00, -2.923619062499999810e+00
7.566132631249998575e+00, -2.733066041666666113e+00
7.733061435416664686e+00, -2.888710937499999520e+00
7.229310483333333259e+00, -2.291135927083333357e+00
4.070785858333334950e+00, 4.248548687500000587e-01
9.100549854166667174e+00, -4.320936412500000046e+00
6.589041500000000440e+00, -1.641529187499999543e+00
4.015344997916666436e+00, 4.522207708333330634e-01
3.958268114583333830e+00, 1.022368895833330460e-01
7.237146566666666558e+00, -3.088886512500001569e+00
8.127824447916667694e+00, -3.739971937500001342e+00
8.002776814583333120e+00, -3.700553316666666870e+00
8.105540320833334533e+00, -3.677141125000001676e+00
6.055182847916667832e+00, -1.725982749999999122e+00
4.651824797916666476e+00, -4.522414999999996854e-01
2.969531499999999102e+00, 8.140170000000002126e-01
3.902704585416666205e+00, -2.152749999999976557e-02
2.593850104166667059e+00, 1.318649833333333188e+00
5.269038041666665784e+00, -1.260857083333333462e+00
8.408222597916664043e+00, -3.905681083333332637e+00
8.804513481249999884e+00, -3.958541500000000379e+00
8.202644539583330285e+00, -2.756695958333333696e+00
8.771940197916666904e+00, -3.010902499999999815e+00
7.813793170833334578e+00, -2.523166583333332103e+00
7.102451281250000470e+00, -2.099782772916666485e+00
8.837100356250001454e+00, -3.625538354166665922e+00
7.641580270833334687e+00, -2.766878854166665125e+00
7.389582822916664462e+00, -2.626414645833334394e+00
7.362373604166665864e+00, -2.418064562500001013e+00
7.009418375000000090e+00, -2.139312291666665811e+00
7.874331868749995245e+00, -3.243313541666665856e+00
7.466629079166668070e+00, -2.787539416666668046e+00
7.519001418750000276e+00, -2.924803333333334532e+00
7.551351902083332845e+00, -2.913354468749998372e+00
6.032515083333334083e+00, -1.588016708333332749e+00
7.821653895833331482e+00, -3.162498541666666885e+00
7.657322937499999149e+00, -3.021398749999998135e+00
6.887219983333332074e+00, -2.204615520833333786e+00
6.294590395833334462e+00, -1.749142520833333991e+00
5.259375304166666432e+00, -1.008665208333332730e+00
6.498268427083334409e+00, -2.254821145833334040e+00
8.264305066666667088e+00, -3.615994062499999995e+00
8.699339313124999862e+00, -3.840125458333332631e+00
7.351590597916666248e+00, -2.270556604166666936e+00
8.436055750000003073e+00, -3.559769520833334422e+00
5.753136381249999154e+00, -7.446849166666664743e-01
3.103779875000000299e+00, 1.425566537708333970e+00
5.164302999999999422e+00, -4.742348125000001580e-01
7.880204347916667018e+00, -2.945365333333333613e+00
7.970762958333338588e+00, -2.933663652083334128e+00
7.629912979166667775e+00, -2.479246354166667388e+00
8.576111437499998047e+00, -3.458996062499999358e+00
7.723231875000002411e+00, -2.529637814583332922e+00
8.281210875000001082e+00, -3.012872520833334899e+00
8.076690533333332311e+00, -2.743485500000000687e+00
7.839009687499999046e+00, -2.440148979166666177e+00
7.623933354166667620e+00, -2.920832312499999528e+00
6.676287937499999714e+00, -2.208447312500000148e+00
6.484682004166663738e+00, -2.064512333333333061e+00
6.062747687499999927e+00, -1.508879500000000151e+00
6.077456152083331453e+00, -1.345194312499999656e+00
7.378590743749999348e+00, -2.142709791666667307e+00
8.308189286458331324e+00, -2.597012999999999572e+00
5.626228187499999756e+00, 1.417748125000000414e-01
7.633962551041665989e+00, -1.613081020833333712e+00
1.053481670416666738e+01, -4.691717500000000207e+00
9.180945116666665129e+00, -2.923011645833332839e+00
8.618939658333331977e+00, -2.821979252083332668e+00
9.005599195833333681e+00, -3.317302504166665944e+00
8.138601875000000874e+00, -2.586661249999999690e+00
4.050788491666666324e+00, 1.096353270833333227e+00
4.737403847916666244e+00, 1.386560416666693385e-02
9.014411979166665034e+00, -3.865737833333333651e+00
8.095336810416666751e+00, -3.269854708333334248e+00
8.083176666666664900e+00, -3.251435145833333706e+00
9.793824687500000792e+00, -4.566131187500001687e+00
7.335175624999998867e+00, -2.741370208333333114e+00
3.938474854166666983e+00, 4.093604583333332325e-01
4.189738958333333763e+00, 1.654484118333335030e-01
6.945460117083332108e+00, -2.337054097916666962e+00
5.800537079166665499e+00, -1.409599797916666342e+00
6.223792687499998699e+00, -2.027493979166666627e+00
6.960765937500000611e+00, -2.447380000000000333e+00
7.265094729166665211e+00, -2.345487208333332685e+00
8.748240625000001103e+00, -3.546348749999999495e+00
8.646907637500001798e+00, -2.944152291666667143e+00
9.371153699999998921e+00, -3.300594062499997872e+00
8.658114833333332427e+00, -2.518490000000000784e+00
7.417466577083332346e+00, -1.803724187499999632e+00
5.551825395833332344e+00, -3.344579166666699493e-02
3.682709791666666899e+00, 1.119805125000000068e+00
5.288951833333333852e+00, -7.829938125000001081e-01
2.827511587499999646e+00, 1.080364624999999856e+00
2.342524714583333889e+00, 1.518268791666666617e+00
4.402763941666665737e+00, -6.999683124999998007e-01
6.546216141041667491e+00, -2.696388958333332919e+00
7.073168666666664883e+00, -3.026508833333334092e+00
7.313725041666667259e+00, -3.119943208333334272e+00
7.180790004166669682e+00, -2.828522583333334506e+00
7.330587541666665707e+00, -2.878773750000000575e+00
8.270795645833336707e+00, -3.763997791666668036e+00
8.568884458333331011e+00, -3.812661083333333423e+00
8.056878395833331652e+00, -3.522224770833331409e+00
6.901596791666666064e+00, -2.544483062500000337e+00
7.211421187500000940e+00, -3.350487041666667665e+00
6.460491893749999548e+00, -2.705001770833332486e+00
7.872210408333334186e+00, -4.236582104166664919e+00
6.878678479166669746e+00, -3.040534270833331831e+00
6.568040829166666761e+00, -2.537687666666666786e+00
6.097581187500000333e+00, -1.892721833333333770e+00
2.443132458333333368e+00, 1.809030208333333611e+00
1.991781498958333563e+00, 1.979236237083333627e+00
3.639290708333332347e+00, 9.140291249999998868e-01
5.829388877083332865e+00, -9.332886875000000471e-01
6.468308416666666005e+00, -1.538892020833333207e+00
6.599555964583333711e+00, -1.534460645833334302e+00
7.265833958333334230e+00, -2.065998708333333322e+00
6.762382108333333974e+00, -1.413185250000000615e+00
6.170312145833332096e+00, -5.235252083333336026e-01
6.382147439583333970e+00, -8.138868125000008336e-01
5.548577854166667045e+00, -1.819444583333340582e-01
1.944090562499998898e+00, 2.002258218749999319e+00
2.839743666666665778e+00, 3.475385416666667560e-01
3.152180056250001083e+00, -1.921632291666662551e-01
4.623495941666667441e+00, -1.356457020833332416e+00
4.056493541666667646e+00, -6.620895833333338976e-01
7.189117062500002930e+00, -3.893531770833333017e+00
6.385880391666667322e+00, -3.191544249999999749e+00
6.747238891666665239e+00, -3.382739812499999221e+00
6.814754966666665581e+00, -2.748349541666666340e+00
6.682601389583333606e+00, -2.472901604166667600e+00
6.924727833333334637e+00, -2.515570249999999675e+00
3.591148264583333471e+00, 6.270035416666669414e-01
1.803156791666666869e+00, 1.948818014583333591e+00
4.303263052083333484e+00, -7.004323500000002589e-01
5.235236062500000287e+00, -1.300817335416667442e+00
4.525521862499999770e+00, -5.607792916666668459e-01
6.952072541666665551e+00, -3.190684562499999544e+00
6.093540370833333775e+00, -2.374818395833331763e+00
5.996412837499999426e+00, -2.105502562500000785e+00
1.766508556249999584e+00, 1.420156166666666886e+00
6.184431270833331773e+00, -3.121092250000000679e+00
6.139321479166667039e+00, -2.924901250000000008e+00
2.886367395833334015e+00, 1.667819583333335631e-01
5.391273583333332731e+00, -2.071151270833332614e+00
5.714765520833332779e+00, -1.954728937499999875e+00
1.838196425000000245e+00, 1.455681583333333196e+00
3.037010208333332795e+00, -2.132545625000002720e-01
5.382173693750000432e+00, -2.430977500000000457e+00
6.083514029166668280e+00, -3.278585833333333976e+00
5.329828104166667302e+00, -2.407989166666666403e+00
3.390581874999998302e+00, -7.465158958333336647e-01
5.017015833333332786e+00, -2.128957895833332614e+00
4.928872474999999476e+00, -1.632439999999999669e+00
4.176426539583332875e+00, -2.407156875000003027e-01
3.088905366666667263e+00, 2.426037708333333709e-01
5.328624122916666650e+00, -2.050712916666666885e+00
3.731277395833332733e+00, -1.667529583333333953e-01
4.719120624999999514e+00, -6.685447500000001320e-01
4.841562583333333336e+00, -1.260072958333333437e+00
1.345001327083333420e+00, 1.874400374999999563e+00
2.355883104166666353e+00, 7.397068354166668191e-01
1.085283354166666436e+00, 1.885287229166666911e+00
4.534710937500001648e-01, 2.293909020833333923e+00
1.641061102083333445e+00, 4.384177291666666032e-01
1.381500142291666400e+00, 4.613744999999999652e-01
1.549055260416666746e+00, 4.022302020833333214e-01
8.388526979166668340e-01, 8.900307916666666541e-01
2.095683689583332843e+00, -1.545694062500000132e-01
1.508930306249999909e+00, 2.902322500000000804e-01
3.559545764583334826e+00, -1.722563562499999534e+00
4.130119318749999380e+00, -2.265229958333334626e+00
3.977878295833333411e+00, -1.996150354166666974e+00
4.866355839583333065e+00, -2.831483312499999183e+00
4.525411358333333744e+00, -2.469685583333334211e+00
4.301174431249999763e+00, -1.971374333333333118e+00
3.989973172916665423e+00, -1.517834150000000548e+00
2.506426479166666610e+00, 1.347525333333332853e-01
4.798074164166666655e+00, -2.436636020833333749e+00
4.367449689583333239e+00, -2.063406416666665688e+00
2.894220849999999956e+00, -4.267850000000001365e-01
5.925572166666666085e-01, 1.483486170833333340e+00
2.701227624999999466e-01, 2.005472541666667663e+00
4.346393747916667216e+00, -2.350192770833332556e+00
2.532443939583333137e+00, -8.995534583333331113e-01
2.745603797916665645e+00, -1.369985000000000008e+00
2.794757831249999658e+00, -1.408895354166666891e+00
2.958914314583333205e+00, -1.545763833333333670e+00
1.827163903229166442e+00, -6.178682291666665050e-01
8.113516833333335176e-01, 3.667722291666667966e-01
1.108920194166666651e+00, 3.592229166666672385e-02
2.621718590625000012e+00, -1.472249427083333062e+00
2.505525458333333955e+00, -1.361823479166666795e+00
3.171998011041665677e+00, -1.995875374999999785e+00
2.699135845833332770e+00, -1.439114958333333583e+00
2.871647377083334174e+00, -1.460310500000000067e+00
3.153930908333332894e+00, -1.548985812499999559e+00
2.334016245833332892e+00, -9.823764791666668161e-01
2.072733199583333352e+00, -6.526670624999999504e-01
2.109489216666666778e+00, -5.600798749999998938e-01
2.887622311458333701e+00, -1.284694145833333190e+00
1.902118941666666840e+00, -3.931052083333332892e-01
2.246710751458333100e+00, -6.240087916666666734e-01
1.760862977083333725e+00, 3.294974999999990967e-02
2.835894156249999742e+00, -1.048117223333333348e+00
2.250644335416666753e+00, -6.108988374999998472e-01
1.871532395833332751e+00, -4.889900208333330944e-01
2.454075416666666509e+00, -1.132242956249999821e+00
2.345974752083333836e+00, -1.010896895833333309e+00
2.639007791666666325e+00, -1.308880195833333593e+00
2.903746250000000639e+00, -1.515239729166666161e+00
